id_parlamentar_voz,ano,casa,dias_com_sessoes_deliberativas,dias_presentes,dias_ausencias_justificadas,dias_ausencias_nao_justificadas
162881,2020,camara,41,41,0,0
162881,2021,camara,79,77,0,2
166179,2019,camara,113,104,9,0
166179,2020,camara,102,97,5,0
166179,2021,camara,79,79,0,0
166828,2019,camara,113,92,13,8
166828,2020,camara,102,98,3,1
166828,2021,camara,79,76,1,2
167138,2019,camara,113,93,11,9
167138,2020,camara,102,100,2,0
167138,2021,camara,79,78,1,0
168720,2019,camara,113,113,0,0
168720,2020,camara,102,99,3,0
168720,2021,camara,79,79,0,0
169871,2019,camara,113,101,1,11
169871,2020,camara,102,97,4,1
169871,2021,camara,79,79,0,0
172442,2019,camara,113,90,7,16
172442,2020,camara,102,101,0,1
172442,2021,camara,79,78,0,1
173433,2019,camara,113,108,5,0
173433,2020,camara,102,100,2,0
173433,2021,camara,79,78,1,0
173441,2019,camara,113,107,3,3
173441,2020,camara,102,98,4,0
173441,2021,camara,79,79,0,0
173460,2019,camara,113,111,2,0
173460,2020,camara,102,102,0,0
173460,2021,camara,79,79,0,0
173466,2019,camara,113,98,15,0
173466,2020,camara,102,99,3,0
173466,2021,camara,79,79,0,0
173482,2019,camara,113,109,4,0
173482,2020,camara,102,101,0,1
173482,2021,camara,79,76,2,1
173486,2019,camara,113,99,11,3
173486,2020,camara,102,94,6,2
173486,2021,camara,79,78,0,1
173531,2019,camara,113,107,6,0
173531,2020,camara,102,98,3,1
173531,2021,camara,79,77,0,2
173586,2019,camara,113,102,10,1
173586,2020,camara,102,98,4,0
173586,2021,camara,79,78,1,0
173604,2019,camara,113,112,0,1
173604,2020,camara,102,96,5,1
173604,2021,camara,79,75,1,3
173692,2019,camara,1,1,0,0
173692,2020,camara,96,88,8,0
173692,2021,camara,79,78,1,0
173696,2019,camara,113,98,15,0
173696,2020,camara,102,100,2,0
173696,2021,camara,79,79,0,0
173701,2019,camara,113,105,5,3
173701,2020,camara,102,98,4,0
173701,2021,camara,79,79,0,0
173772,2019,camara,113,113,0,0
173772,2020,camara,102,96,5,1
173772,2021,camara,79,78,0,1
173788,2019,camara,113,98,7,8
173788,2020,camara,102,96,5,1
173788,2021,camara,79,77,2,0
173801,2019,camara,113,108,0,5
173801,2020,camara,102,100,2,0
173801,2021,camara,79,78,1,0
173808,2019,camara,44,33,5,6
173808,2020,camara,102,96,4,2
173808,2021,camara,79,75,0,4
173891,2019,camara,112,96,14,2
173891,2020,camara,6,6,0,0
173943,2019,camara,113,109,2,2
173943,2020,camara,102,101,1,0
173943,2021,camara,79,79,0,0
174043,2019,camara,113,86,26,1
174043,2020,camara,102,70,32,0
174043,2021,camara,79,66,13,0
174044,2019,camara,113,112,1,0
174044,2020,camara,100,96,4,0
174044,2021,camara,79,78,1,0
174052,2019,camara,113,103,8,2
174052,2020,camara,102,99,2,1
174052,2021,camara,79,78,1,0
174057,2019,camara,113,109,3,1
174057,2020,camara,102,100,1,1
174057,2021,camara,79,79,0,0
174060,2019,camara,113,100,12,1
174060,2020,camara,102,99,3,0
174060,2021,camara,79,79,0,0
174075,2019,camara,113,72,31,10
174075,2020,camara,102,82,17,3
174075,2021,camara,79,61,13,5
174079,2019,camara,113,71,11,31
174079,2020,camara,102,91,4,7
174079,2021,camara,79,61,0,18
174090,2019,camara,113,93,17,3
174090,2020,camara,102,90,11,1
174090,2021,camara,79,79,0,0
174141,2019,camara,15,8,4,3
174141,2021,camara,2,1,0,1
174156,2019,camara,113,103,7,3
174156,2020,camara,102,100,2,0
174156,2021,camara,79,79,0,0
174158,2019,camara,113,98,15,0
174158,2020,camara,102,94,8,0
174158,2021,camara,79,78,0,1
174159,2019,camara,113,106,7,0
174159,2020,camara,102,99,3,0
174159,2021,camara,79,78,0,1
174160,2019,camara,113,93,10,10
174160,2020,camara,102,99,2,1
174160,2021,camara,79,76,3,0
174161,2019,camara,113,108,1,4
174161,2020,camara,102,102,0,0
174161,2021,camara,79,78,0,1
174165,2021,camara,79,78,0,1
174200,2019,camara,100,91,8,1
174200,2020,camara,82,78,3,1
174200,2021,camara,78,77,0,1
174212,2019,camara,41,33,6,2
174212,2021,camara,75,75,0,0
174253,2021,camara,27,27,0,0
174254,2021,camara,17,17,0,0
174262,2019,camara,113,93,20,0
174262,2020,camara,102,98,4,0
174262,2021,camara,79,78,1,0
174270,2019,camara,113,107,5,1
174270,2020,camara,102,97,5,0
174270,2021,camara,79,49,30,0
174273,2019,camara,111,90,17,4
174273,2020,camara,75,75,0,0
174273,2021,camara,79,79,0,0
174283,2019,camara,113,102,10,1
174283,2020,camara,102,98,3,1
174283,2021,camara,79,76,3,0
174299,2019,camara,113,106,6,1
174299,2020,camara,102,101,0,1
174299,2021,camara,79,79,0,0
174305,2019,camara,113,82,18,13
174305,2020,camara,62,53,7,2
174317,2019,camara,113,101,10,2
174317,2020,camara,102,99,3,0
174317,2021,camara,79,78,0,1
174319,2019,camara,62,60,1,1
174319,2020,camara,51,48,3,0
174352,2019,camara,113,97,4,12
174352,2020,camara,102,85,15,2
174352,2021,camara,79,79,0,0
174356,2019,camara,113,92,11,10
174356,2020,camara,102,93,7,2
174356,2021,camara,79,78,0,1
174366,2019,camara,113,86,21,6
174366,2020,camara,102,99,3,0
174366,2021,camara,79,78,1,0
174371,2019,camara,113,108,0,5
174371,2020,camara,102,99,1,2
174371,2021,camara,79,79,0,0
174374,2021,camara,1,0,0,1
174376,2019,camara,113,102,7,4
174376,2020,camara,102,101,1,0
174376,2021,camara,79,79,0,0
174383,2019,camara,113,70,43,0
174383,2020,camara,102,95,6,1
174383,2021,camara,79,79,0,0
174398,2019,camara,113,100,13,0
174398,2020,camara,102,100,1,1
174398,2021,camara,79,68,10,1
174399,2019,camara,7,7,0,0
174399,2021,camara,2,1,0,1
174400,2019,camara,113,98,15,0
174400,2020,camara,102,97,4,1
174400,2021,camara,79,79,0,0
174419,2019,camara,113,94,17,2
174419,2020,camara,102,98,3,1
174419,2021,camara,79,79,0,0
174439,2019,camara,113,106,0,7
174439,2020,camara,102,100,2,0
174439,2021,camara,79,78,1,0
174459,2019,camara,113,107,2,4
174459,2020,camara,102,99,3,0
174459,2021,camara,79,79,0,0
174467,2019,camara,113,107,3,3
174467,2020,camara,102,98,4,0
174467,2021,camara,79,43,34,2
174471,2019,camara,113,109,4,0
174471,2020,camara,102,98,3,1
174471,2021,camara,79,79,0,0
174478,2019,camara,113,71,42,0
174478,2020,camara,102,89,13,0
174478,2021,camara,78,63,15,0
174537,2019,camara,113,91,21,1
174537,2020,camara,102,101,1,0
174537,2021,camara,79,73,6,0
174554,2019,camara,113,91,19,3
174554,2020,camara,102,93,7,2
174554,2021,camara,79,77,1,1
174571,2019,camara,105,96,8,1
174574,2019,camara,78,75,3,0
174574,2020,camara,102,100,2,0
174574,2021,camara,77,76,0,1
174585,2019,camara,113,113,0,0
174585,2020,camara,102,102,0,0
174585,2021,camara,79,79,0,0
174646,2019,camara,113,89,24,0
174646,2020,camara,102,96,6,0
174646,2021,camara,79,78,1,0
174655,2019,camara,113,107,6,0
174655,2020,camara,102,100,2,0
174655,2021,camara,79,79,0,0
174693,2019,camara,113,100,13,0
174693,2020,camara,102,99,3,0
174693,2021,camara,79,79,0,0
174749,2019,camara,113,99,5,9
174749,2020,camara,102,96,4,2
174749,2021,camara,78,67,11,0
174784,2019,camara,113,89,24,0
174784,2020,camara,102,99,3,0
174784,2021,camara,79,78,0,1
174806,2020,camara,53,53,0,0
174848,2019,camara,113,96,17,0
174848,2020,camara,102,101,1,0
174848,2021,camara,79,79,0,0
174856,2021,camara,1,1,0,0
175431,2019,camara,113,99,14,0
175431,2020,camara,102,96,6,0
175431,2021,camara,79,79,0,0
176874,2019,camara,113,108,2,3
176874,2020,camara,102,101,1,0
176874,2021,camara,79,78,1,0
181055,2019,camara,113,100,6,7
181055,2020,camara,102,99,3,0
181297,2019,camara,113,113,0,0
181297,2020,camara,102,101,1,0
181297,2021,camara,79,79,0,0
190201,2019,camara,113,102,9,2
190201,2020,camara,102,102,0,0
190201,2021,camara,79,78,0,1
190842,2019,camara,109,104,5,0
190842,2020,camara,102,102,0,0
190842,2021,camara,20,19,0,1
192102,2019,camara,113,106,4,3
192102,2020,camara,102,99,2,1
192102,2021,camara,79,76,1,2
192172,2021,camara,79,63,15,1
192346,2019,camara,113,88,22,3
192346,2020,camara,102,96,3,3
192346,2021,camara,79,75,4,0
192699,2019,camara,113,100,8,5
192699,2020,camara,102,95,5,2
192699,2021,camara,79,79,0,0
192776,2019,camara,113,102,7,4
192776,2020,camara,102,96,4,2
192776,2021,camara,79,78,0,1
193083,2019,camara,113,102,0,11
193083,2020,camara,102,101,1,0
193083,2021,camara,79,79,0,0
198057,2019,camara,113,105,7,1
198057,2020,camara,102,98,3,1
198057,2021,camara,79,69,9,1
1107283,2019,camara,113,86,27,0
1107283,2020,camara,102,94,8,0
1107283,2021,camara,79,79,0,0
1108338,2019,camara,113,99,14,0
1108338,2020,camara,102,99,2,1
1108338,2021,camara,79,79,0,0
1109429,2019,camara,113,107,5,1
1109429,2020,camara,102,99,1,2
1109429,2021,camara,79,79,0,0
1112437,2019,camara,113,101,11,1
1112437,2020,camara,102,92,10,0
1112437,2021,camara,79,74,5,0
1115746,2019,camara,113,108,3,2
1115746,2020,camara,102,95,6,1
1115746,2021,camara,79,76,3,0
1116379,2019,camara,113,111,2,0
1116379,2020,camara,80,79,0,1
1116379,2021,camara,79,78,0,1
1121948,2019,camara,113,112,1,0
1121948,2020,camara,102,101,1,0
1121948,2021,camara,79,78,0,1
1122158,2019,camara,113,98,11,4
1122158,2020,camara,102,99,3,0
1122158,2021,camara,9,7,0,2
1122195,2021,camara,47,47,0,0
1122466,2019,camara,29,26,3,0
1122466,2020,camara,26,26,0,0
1122974,2019,camara,113,102,11,0
1122974,2020,camara,102,94,8,0
1122974,2021,camara,79,79,0,0
1128760,2020,camara,77,70,6,1
1129618,2020,camara,2,2,0,0
1129618,2021,camara,28,28,0,0
1132504,2019,camara,113,99,14,0
1132504,2020,camara,102,98,4,0
1132504,2021,camara,79,77,2,0
1133439,2019,camara,113,108,5,0
1133439,2020,camara,102,101,1,0
1133439,2021,camara,79,79,0,0
1133810,2019,camara,113,109,4,0
1133810,2020,camara,102,100,2,0
1133810,2021,camara,79,78,0,1
1133968,2019,camara,113,97,15,1
1133968,2020,camara,102,95,6,1
1133968,2021,camara,79,78,1,0
1134812,2019,camara,113,106,3,4
1134812,2020,camara,102,97,3,2
1135054,2019,camara,113,108,5,0
1135054,2020,camara,102,101,1,0
1135054,2021,camara,79,79,0,0
1136811,2019,camara,113,109,4,0
1136811,2020,camara,102,100,2,0
1136811,2021,camara,78,55,23,0
1137070,2019,camara,113,94,7,12
1137070,2020,camara,102,93,6,3
1137070,2021,camara,79,79,0,0
1139285,2019,camara,113,103,7,3
1139285,2020,camara,102,94,5,3
1139285,2021,camara,79,78,0,1
1141335,2019,camara,113,105,3,5
1141335,2020,camara,102,97,4,1
1141335,2021,camara,79,79,0,0
1141372,2021,camara,79,78,0,1
1141391,2019,camara,113,96,11,6
1141391,2020,camara,102,99,3,0
1141391,2021,camara,79,79,0,0
1141398,2019,camara,113,102,11,0
1141398,2020,camara,102,96,6,0
1141398,2021,camara,79,79,0,0
1141401,2019,camara,69,45,22,2
1141401,2020,camara,102,92,9,1
1141401,2021,camara,39,38,1,0
1141405,2019,camara,113,106,5,2
1141405,2020,camara,102,100,2,0
1141405,2021,camara,79,75,2,2
1141408,2019,camara,105,94,11,0
1141408,2020,camara,82,78,4,0
1141408,2021,camara,79,78,0,1
1141411,2019,camara,113,108,5,0
1141411,2020,camara,102,95,6,1
1141411,2021,camara,79,79,0,0
1141417,2019,camara,113,101,3,9
1141417,2020,camara,102,85,12,5
1141417,2021,camara,79,75,3,1
1141421,2019,camara,113,99,4,10
1141421,2020,camara,102,96,4,2
1141421,2021,camara,79,74,3,2
1141422,2019,camara,113,102,10,1
1141422,2020,camara,102,95,7,0
1141422,2021,camara,78,70,8,0
1141427,2019,camara,113,105,7,1
1141427,2020,camara,102,98,3,1
1141427,2021,camara,79,77,0,2
1141428,2019,camara,113,97,16,0
1141428,2020,camara,52,43,9,0
1141431,2019,camara,113,99,6,8
1141431,2020,camara,102,100,1,1
1141431,2021,camara,79,79,0,0
1141434,2019,camara,113,87,19,7
1141434,2020,camara,102,100,2,0
1141434,2021,camara,79,79,0,0
1141439,2019,camara,113,94,16,3
1141439,2020,camara,102,98,3,1
1141439,2021,camara,79,76,0,3
1141450,2019,camara,113,106,6,1
1141450,2020,camara,102,97,3,2
1141450,2021,camara,79,75,3,1
1141458,2019,camara,113,95,16,2
1141458,2020,camara,102,91,6,5
1141458,2021,camara,79,75,1,3
1141459,2019,camara,113,113,0,0
1141459,2020,camara,102,99,2,1
1141459,2021,camara,79,79,0,0
1141464,2019,camara,113,82,30,1
1141464,2020,camara,102,97,4,1
1141464,2021,camara,79,79,0,0
1141470,2019,camara,113,107,6,0
1141470,2020,camara,102,99,3,0
1141470,2021,camara,79,79,0,0
1141478,2021,camara,53,53,0,0
1141488,2019,camara,113,106,6,1
1141488,2020,camara,102,100,1,1
1141488,2021,camara,79,78,0,1
1141508,2019,camara,113,113,0,0
1141508,2020,camara,102,100,2,0
1141508,2021,camara,79,77,1,1
1141513,2019,camara,70,60,10,0
1141513,2020,camara,86,86,0,0
1141513,2021,camara,79,79,0,0
1141515,2021,camara,66,66,0,0
1141516,2019,camara,113,97,8,8
1141516,2020,camara,102,97,3,2
1141516,2021,camara,79,76,0,3
1141518,2019,camara,113,84,29,0
1141518,2020,camara,102,93,9,0
1141518,2021,camara,79,74,5,0
1141523,2019,camara,113,104,9,0
1141523,2020,camara,102,102,0,0
1141523,2021,camara,79,78,0,1
1141531,2019,camara,113,105,4,4
1141531,2020,camara,102,98,3,1
1141531,2021,camara,79,76,3,0
1141552,2019,camara,44,42,1,1
1141552,2021,camara,40,40,0,0
1141553,2019,camara,113,104,8,1
1141553,2020,camara,102,98,4,0
1141553,2021,camara,79,79,0,0
1141555,2019,camara,113,94,17,2
1141555,2020,camara,102,98,3,1
1141555,2021,camara,79,78,1,0
1143084,2019,camara,113,107,4,2
1143084,2020,camara,102,100,2,0
1143084,2021,camara,79,77,1,1
1143632,2019,camara,113,87,23,3
1143632,2020,camara,80,74,6,0
1143632,2021,camara,79,76,2,1
1146307,2019,camara,113,104,4,5
1146307,2020,camara,102,100,2,0
1146307,2021,camara,79,75,2,2
1146788,2019,camara,113,90,7,16
1146788,2020,camara,102,99,1,2
1146788,2021,camara,79,79,0,0
1150418,2019,camara,113,100,9,4
1150418,2020,camara,102,98,4,0
1150418,2021,camara,79,77,2,0
1151208,2019,camara,113,87,10,16
1151208,2020,camara,102,98,3,1
1151208,2021,camara,79,78,0,1
1152605,2019,camara,113,108,5,0
1152605,2020,camara,102,102,0,0
1152605,2021,camara,79,78,1,0
1152610,2019,camara,113,99,12,2
1152610,2020,camara,102,102,0,0
1152610,2021,camara,79,79,0,0
1154178,2019,camara,113,103,9,1
1154178,2020,camara,102,96,5,1
1154178,2021,camara,55,55,0,0
1156190,2019,camara,113,102,11,0
1156190,2020,camara,102,100,2,0
1156190,2021,camara,79,78,1,0
1157130,2019,camara,113,104,7,2
1157130,2020,camara,102,98,2,2
1157130,2021,camara,79,79,0,0
1159237,2019,camara,113,84,29,0
1159237,2020,camara,59,54,5,0
1160508,2019,camara,113,109,1,3
1160508,2020,camara,102,99,1,2
1160508,2021,camara,79,62,16,1
1160510,2019,camara,113,89,24,0
1160510,2020,camara,102,92,10,0
1160510,2021,camara,79,79,0,0
1160511,2019,camara,113,105,8,0
1160511,2020,camara,102,97,5,0
1160511,2021,camara,79,79,0,0
1160512,2019,camara,113,99,9,5
1160512,2020,camara,102,98,2,2
1160512,2021,camara,79,79,0,0
1160517,2019,camara,1,1,0,0
1160518,2019,camara,113,113,0,0
1160518,2020,camara,102,102,0,0
1160518,2021,camara,79,79,0,0
1160527,2019,camara,113,79,32,2
1160527,2020,camara,102,92,10,0
1160527,2021,camara,79,79,0,0
1160528,2019,camara,113,95,14,4
1160528,2020,camara,102,98,3,1
1160528,2021,camara,79,79,0,0
1160531,2019,camara,113,91,20,2
1160531,2020,camara,102,90,12,0
1160531,2021,camara,79,79,0,0
1160532,2019,camara,111,104,0,7
1160532,2020,camara,75,75,0,0
1160532,2021,camara,79,78,0,1
1160534,2019,camara,113,108,4,1
1160534,2020,camara,102,98,3,1
1160534,2021,camara,79,79,0,0
1160535,2019,camara,113,96,11,6
1160535,2020,camara,102,98,3,1
1160535,2021,camara,79,79,0,0
1160538,2019,camara,113,108,5,0
1160538,2020,camara,102,99,2,1
1160538,2021,camara,79,79,0,0
1160541,2019,camara,113,76,37,0
1160541,2020,camara,102,70,32,0
1160541,2021,camara,79,72,7,0
1160545,2019,camara,113,111,0,2
1160545,2020,camara,102,101,1,0
1160545,2021,camara,79,79,0,0
1160552,2019,camara,113,94,4,15
1160552,2020,camara,102,95,3,4
1160552,2021,camara,36,34,0,2
1160553,2019,camara,113,106,5,2
1160553,2020,camara,102,100,1,1
1160553,2021,camara,79,79,0,0
1160556,2019,camara,113,105,5,3
1160556,2020,camara,102,99,2,1
1160556,2021,camara,79,77,2,0
1160558,2019,camara,113,66,40,7
1160558,2020,camara,102,98,3,1
1160558,2021,camara,79,72,7,0
1160559,2019,camara,113,85,27,1
1160559,2020,camara,102,101,1,0
1160559,2021,camara,79,78,1,0
1160569,2019,camara,113,103,9,1
1160569,2020,camara,102,97,4,1
1160569,2021,camara,79,77,2,0
1160570,2019,camara,113,88,25,0
1160570,2020,camara,102,94,8,0
1160570,2021,camara,79,78,1,0
1160575,2019,camara,113,110,3,0
1160575,2020,camara,102,100,1,1
1160575,2021,camara,79,79,0,0
1160587,2019,camara,113,113,0,0
1160587,2020,camara,102,98,4,0
1160587,2021,camara,79,78,1,0
1160588,2019,camara,113,98,7,8
1160588,2020,camara,102,98,4,0
1160588,2021,camara,79,75,4,0
1160589,2019,camara,113,99,9,5
1160589,2020,camara,102,99,3,0
1160589,2021,camara,79,78,1,0
1160591,2019,camara,108,56,30,22
1160591,2020,camara,48,42,5,1
1160591,2021,camara,79,78,0,1
1160592,2019,camara,113,102,10,1
1160592,2020,camara,102,98,2,2
1160592,2021,camara,79,79,0,0
1160598,2019,camara,113,100,9,4
1160598,2020,camara,102,99,2,1
1160598,2021,camara,79,78,1,0
1160599,2019,camara,113,111,1,1
1160599,2020,camara,102,100,2,0
1160599,2021,camara,79,79,0,0
1160600,2019,camara,113,85,15,13
1160600,2020,camara,102,92,9,1
1160600,2021,camara,79,75,2,2
1160601,2019,camara,113,92,20,1
1160601,2020,camara,102,101,1,0
1160601,2021,camara,77,74,3,0
1160604,2019,camara,113,110,0,3
1160604,2020,camara,102,95,5,2
1160604,2021,camara,79,79,0,0
1160610,2019,camara,113,110,2,1
1160610,2020,camara,102,102,0,0
1160610,2021,camara,79,79,0,0
1160619,2019,camara,113,113,0,0
1160619,2020,camara,102,95,7,0
1160619,2021,camara,79,75,2,2
1160621,2019,camara,1,1,0,0
1160632,2019,camara,113,102,7,4
1160632,2020,camara,102,100,2,0
1160632,2021,camara,79,79,0,0
1160635,2019,camara,113,105,6,2
1160635,2020,camara,102,98,4,0
1160635,2021,camara,34,33,0,1
1160639,2019,camara,113,96,10,7
1160639,2020,camara,102,100,2,0
1160639,2021,camara,79,78,0,1
1160640,2019,camara,113,94,12,7
1160640,2020,camara,102,98,4,0
1160640,2021,camara,79,60,19,0
1160641,2019,camara,113,107,6,0
1160641,2020,camara,102,99,2,1
1160641,2021,camara,79,78,1,0
1160642,2019,camara,113,106,3,4
1160642,2020,camara,102,87,15,0
1160642,2021,camara,79,79,0,0
1160645,2019,camara,113,103,4,6
1160645,2020,camara,102,93,3,6
1160645,2021,camara,68,67,0,1
1160651,2019,camara,113,106,7,0
1160651,2020,camara,84,83,1,0
1160651,2021,camara,79,77,2,0
1160653,2019,camara,113,96,17,0
1160653,2020,camara,102,102,0,0
1160653,2021,camara,79,73,6,0
1160655,2019,camara,113,95,10,8
1160655,2020,camara,102,93,5,4
1160655,2021,camara,79,77,0,2
1160665,2019,camara,113,95,18,0
1160665,2020,camara,102,100,2,0
1160665,2021,camara,79,77,0,2
1160666,2019,camara,113,105,8,0
1160666,2020,camara,102,97,4,1
1160666,2021,camara,79,78,0,1
1160667,2019,camara,65,44,3,18
1160667,2020,camara,102,80,8,14
1160667,2021,camara,79,72,1,6
1160669,2019,camara,113,72,18,23
1160669,2020,camara,102,93,6,3
1160669,2021,camara,79,77,0,2
1160673,2019,camara,113,103,9,1
1160673,2020,camara,102,96,6,0
1160673,2021,camara,79,79,0,0
1160674,2019,camara,113,107,3,3
1160674,2020,camara,102,99,0,3
1160674,2021,camara,79,75,4,0
1160758,2019,camara,113,105,6,2
1160758,2020,camara,102,99,3,0
1160758,2021,camara,79,79,0,0
1160976,2019,camara,113,90,22,1
1160976,2020,camara,102,99,3,0
1160976,2021,camara,79,79,0,0
1161550,2019,camara,113,107,6,0
1161550,2020,camara,102,98,4,0
1161550,2021,camara,79,76,3,0
1162332,2019,camara,113,91,21,1
1162332,2020,camara,102,100,2,0
1162332,2021,camara,79,79,0,0
1164359,2019,camara,113,92,21,0
1164359,2020,camara,102,97,5,0
1164359,2021,camara,79,79,0,0
1164360,2019,camara,113,112,1,0
1164360,2020,camara,102,101,1,0
1164360,2021,camara,66,66,0,0
1166402,2019,camara,113,89,7,17
1166402,2020,camara,102,96,5,1
1166402,2021,camara,79,79,0,0
1168175,2019,camara,5,5,0,0
1168175,2021,camara,1,1,0,0
1171617,2019,camara,113,109,4,0
1171617,2020,camara,102,98,4,0
1171617,2021,camara,79,78,0,1
1171619,2019,camara,113,107,4,2
1171619,2020,camara,102,100,2,0
1171623,2020,camara,102,97,4,1
1171623,2021,camara,79,66,12,1
1177282,2019,camara,113,110,2,1
1177282,2020,camara,102,100,2,0
1177282,2021,camara,79,77,0,2
1178825,2020,camara,14,14,0,0
1178825,2021,camara,79,79,0,0
1178829,2019,camara,113,110,2,1
1178829,2020,camara,102,102,0,0
1178829,2021,camara,79,79,0,0
1178830,2020,camara,79,75,4,0
1178831,2019,camara,113,105,4,4
1178831,2020,camara,102,99,2,1
1178831,2021,camara,79,77,0,2
1178832,2019,camara,113,87,26,0
1178832,2020,camara,102,95,5,2
1178832,2021,camara,79,79,0,0
1178833,2019,camara,113,84,15,14
1178833,2020,camara,102,95,3,4
1178835,2019,camara,113,106,6,1
1178835,2020,camara,102,98,4,0
1178835,2021,camara,79,79,0,0
1178836,2019,camara,113,108,5,0
1178836,2020,camara,102,101,1,0
1178836,2021,camara,79,77,2,0
1178839,2019,camara,113,86,19,8
1178839,2020,camara,102,101,1,0
1178839,2021,camara,79,78,0,1
1178842,2019,camara,113,86,16,11
1178842,2020,camara,102,97,2,3
1178843,2019,camara,113,91,17,5
1178843,2020,camara,102,96,3,3
1178843,2021,camara,79,79,0,0
1178844,2021,camara,79,79,0,0
1178854,2019,camara,113,83,30,0
1178854,2020,camara,102,100,1,1
1178854,2021,camara,79,77,0,2
1178857,2019,camara,113,102,10,1
1178857,2020,camara,102,99,2,1
1178857,2021,camara,79,67,12,0
1178858,2019,camara,113,97,16,0
1178858,2020,camara,102,100,2,0
1178858,2021,camara,79,79,0,0
1178860,2019,camara,113,108,3,2
1178860,2020,camara,102,100,2,0
1178860,2021,camara,79,78,0,1
1178861,2019,camara,113,99,10,4
1178861,2020,camara,102,96,3,3
1178861,2021,camara,79,78,0,1
1178862,2021,camara,68,68,0,0
1178863,2019,camara,113,101,11,1
1178863,2020,camara,102,94,7,1
1178863,2021,camara,79,79,0,0
1178866,2019,camara,113,85,21,7
1178866,2020,camara,101,94,6,1
1178866,2021,camara,49,47,2,0
1178868,2021,camara,44,44,0,0
1178871,2019,camara,113,103,7,3
1178871,2020,camara,102,101,1,0
1178871,2021,camara,79,78,0,1
1178873,2019,camara,113,104,9,0
1178873,2020,camara,102,100,1,1
1178873,2021,camara,79,79,0,0
1178874,2019,camara,113,110,3,0
1178874,2020,camara,102,102,0,0
1178876,2019,camara,113,108,5,0
1178876,2020,camara,102,100,2,0
1178876,2021,camara,79,79,0,0
1178879,2019,camara,113,96,10,7
1178879,2020,camara,102,101,1,0
1178879,2021,camara,79,79,0,0
1178881,2019,camara,113,103,10,0
1178881,2020,camara,102,93,9,0
1178881,2021,camara,79,77,2,0
1178882,2019,camara,113,74,39,0
1178882,2020,camara,102,89,13,0
1178882,2021,camara,79,78,0,1
1178884,2019,camara,113,103,7,3
1178884,2020,camara,102,87,15,0
1178884,2021,camara,79,79,0,0
1178886,2019,camara,113,96,6,11
1178886,2020,camara,102,100,1,1
1178886,2021,camara,79,77,0,2
1178887,2019,camara,7,7,0,0
1178887,2020,camara,20,20,0,0
1178887,2021,camara,12,12,0,0
1178889,2019,camara,113,85,28,0
1178889,2020,camara,102,98,2,2
1178889,2021,camara,79,78,1,0
1178895,2019,camara,113,86,27,0
1178895,2020,camara,102,98,4,0
1178895,2021,camara,79,78,0,1
1178896,2019,camara,113,90,15,8
1178896,2020,camara,102,98,4,0
1178896,2021,camara,79,79,0,0
1178901,2019,camara,7,7,0,0
1178901,2021,camara,1,1,0,0
1178908,2019,camara,113,103,4,6
1178908,2020,camara,102,101,0,1
1178908,2021,camara,79,76,0,3
1178909,2019,camara,113,101,10,2
1178909,2020,camara,102,99,2,1
1178909,2021,camara,79,79,0,0
1178910,2019,camara,113,110,3,0
1178910,2020,camara,102,101,1,0
1178910,2021,camara,79,78,1,0
1178912,2019,camara,113,108,4,1
1178912,2020,camara,102,101,0,1
1178912,2021,camara,35,35,0,0
1178916,2019,camara,113,107,6,0
1178916,2020,camara,102,96,2,4
1178916,2021,camara,79,78,0,1
1178920,2019,camara,113,106,3,4
1178920,2020,camara,102,94,8,0
1178920,2021,camara,79,76,0,3
1178921,2019,camara,113,72,18,23
1178921,2020,camara,102,85,9,8
1178921,2021,camara,79,78,1,0
1178922,2019,camara,113,96,17,0
1178922,2020,camara,102,96,4,2
1178922,2021,camara,79,79,0,0
1178924,2019,camara,22,21,0,1
1178924,2020,camara,51,49,1,1
1178924,2021,camara,79,78,0,1
1178925,2019,camara,113,100,13,0
1178925,2020,camara,102,96,5,1
1178925,2021,camara,79,79,0,0
1178927,2019,camara,113,113,0,0
1178927,2020,camara,102,101,1,0
1178927,2021,camara,79,77,0,2
1178928,2019,camara,113,110,3,0
1178928,2020,camara,102,102,0,0
1178928,2021,camara,79,79,0,0
1178929,2019,camara,113,111,1,1
1178929,2020,camara,102,102,0,0
1178929,2021,camara,79,79,0,0
1178930,2019,camara,112,98,12,2
1178930,2020,camara,102,92,10,0
1178930,2021,camara,79,77,0,2
1178931,2019,camara,113,96,2,15
1178931,2020,camara,102,96,5,1
1178931,2021,camara,79,79,0,0
1178933,2019,camara,113,108,3,2
1178933,2020,camara,102,99,1,2
1178933,2021,camara,79,77,0,2
1178934,2019,camara,113,97,16,0
1178934,2020,camara,102,89,12,1
1178934,2021,camara,79,79,0,0
1178935,2021,camara,47,47,0,0
1178937,2019,camara,113,99,5,9
1178937,2020,camara,17,16,0,1
1178937,2021,camara,79,74,3,2
1178939,2019,camara,113,104,2,7
1178939,2020,camara,102,97,5,0
1178939,2021,camara,79,79,0,0
1178943,2021,camara,72,72,0,0
1178945,2019,camara,113,103,10,0
1178945,2020,camara,102,96,5,1
1178945,2021,camara,79,73,6,0
1178946,2019,camara,113,84,29,0
1178946,2020,camara,102,89,13,0
1178946,2021,camara,79,78,1,0
1178947,2019,camara,113,110,0,3
1178947,2020,camara,102,100,1,1
1178947,2021,camara,79,78,0,1
1178948,2019,camara,113,88,19,6
1178948,2020,camara,102,94,2,6
1178948,2021,camara,79,75,3,1
1178951,2019,camara,113,97,16,0
1178951,2020,camara,102,95,7,0
1178951,2021,camara,79,78,0,1
1178952,2019,camara,113,110,3,0
1178952,2020,camara,102,99,3,0
1178952,2021,camara,79,79,0,0
1178953,2019,camara,113,97,13,3
1178953,2020,camara,102,96,6,0
1178953,2021,camara,79,78,1,0
1178954,2019,camara,113,92,14,7
1178954,2020,camara,102,96,4,2
1178954,2021,camara,79,77,0,2
1178956,2019,camara,113,101,11,1
1178956,2020,camara,102,99,2,1
1178956,2021,camara,79,78,0,1
1178959,2019,camara,113,98,12,3
1178959,2020,camara,102,96,6,0
1178959,2021,camara,79,77,0,2
1178961,2019,camara,113,89,16,8
1178961,2020,camara,102,99,3,0
1178961,2021,camara,79,71,8,0
1178962,2019,camara,113,110,2,1
1178962,2020,camara,102,99,3,0
1178962,2021,camara,79,76,3,0
1178963,2019,camara,4,3,0,1
1178963,2021,camara,60,60,0,0
1178964,2019,camara,113,101,9,3
1178964,2020,camara,102,96,5,1
1178964,2021,camara,79,77,2,0
1178966,2019,camara,113,112,1,0
1178966,2020,camara,102,101,1,0
1178966,2021,camara,79,79,0,0
1178969,2019,camara,113,91,17,5
1178969,2020,camara,102,99,2,1
1178969,2021,camara,79,73,6,0
1178970,2019,camara,113,111,2,0
1178970,2020,camara,102,102,0,0
1178970,2021,camara,79,79,0,0
1178972,2019,camara,113,100,12,1
1178972,2020,camara,102,99,3,0
1178972,2021,camara,79,79,0,0
1178975,2019,camara,113,98,15,0
1178975,2020,camara,102,98,4,0
1178975,2021,camara,79,76,3,0
1178977,2019,camara,113,100,12,1
1178977,2020,camara,102,101,1,0
1178977,2021,camara,79,78,0,1
1178981,2019,camara,113,100,7,6
1178981,2020,camara,102,87,14,1
1178981,2021,camara,79,79,0,0
1178982,2019,camara,1,1,0,0
1178982,2020,camara,40,39,1,0
1178983,2019,camara,113,113,0,0
1178983,2020,camara,102,102,0,0
1178983,2021,camara,79,79,0,0
1178984,2019,camara,47,32,11,4
1178984,2020,camara,27,24,2,1
1178985,2019,camara,113,113,0,0
1178985,2020,camara,102,101,1,0
1178985,2021,camara,79,79,0,0
1178986,2019,camara,113,107,6,0
1178986,2020,camara,102,96,5,1
1178986,2021,camara,79,79,0,0
1178987,2019,camara,113,104,6,3
1178987,2020,camara,102,100,1,1
1178987,2021,camara,79,77,0,2
1178989,2019,camara,113,84,29,0
1178989,2020,camara,23,23,0,0
1178989,2021,camara,79,79,0,0
1178990,2019,camara,113,107,5,1
1178990,2020,camara,102,102,0,0
1178990,2021,camara,79,78,0,1
1178992,2019,camara,113,108,4,1
1178992,2020,camara,102,100,1,1
1178992,2021,camara,79,79,0,0
1178993,2019,camara,113,110,2,1
1178993,2020,camara,102,93,1,8
1178993,2021,camara,79,78,0,1
1178994,2019,camara,113,99,14,0
1178994,2020,camara,102,101,1,0
1178994,2021,camara,79,64,15,0
1178996,2019,camara,113,112,0,1
1178996,2020,camara,102,101,1,0
1178996,2021,camara,79,79,0,0
1178997,2019,camara,85,77,3,5
1178997,2020,camara,99,94,3,2
1178997,2021,camara,79,72,5,2
1179000,2019,camara,6,6,0,0
1179000,2020,camara,7,7,0,0
1179000,2021,camara,79,76,0,3
1179001,2019,camara,113,104,2,7
1179001,2020,camara,102,99,2,1
1179001,2021,camara,79,77,0,2
1179587,2019,camara,113,82,31,0
1179587,2020,camara,102,93,9,0
1179587,2021,camara,79,77,2,0
1188097,2019,camara,32,29,3,0
1188097,2020,camara,42,41,0,1
1188097,2021,camara,79,79,0,0
1191923,2019,camara,113,107,6,0
1191923,2020,camara,102,99,3,0
1191923,2021,camara,79,78,1,0
1193726,2019,camara,113,112,1,0
1193726,2020,camara,102,102,0,0
1193726,2021,camara,79,79,0,0
1194260,2019,camara,113,106,0,7
1194260,2020,camara,102,96,2,4
1194260,2021,camara,78,77,1,0
1195866,2019,camara,113,113,0,0
1195866,2020,camara,74,71,3,0
1195866,2021,camara,79,78,0,1
1196358,2019,camara,113,111,2,0
1196358,2020,camara,102,100,2,0
1196358,2021,camara,79,77,1,1
1197438,2019,camara,113,110,2,1
1197438,2020,camara,65,64,1,0
1197438,2021,camara,79,79,0,0
1198197,2019,camara,97,84,13,0
1198197,2020,camara,90,85,4,1
1198197,2021,camara,79,78,1,0
1198783,2019,camara,113,111,0,2
1198783,2020,camara,102,97,4,1
1198783,2021,camara,79,79,0,0
1204351,2019,camara,113,104,6,3
1204351,2020,camara,102,100,1,1
1204351,2021,camara,79,79,0,0
1204352,2019,camara,113,103,9,1
1204352,2020,camara,102,98,4,0
1204352,2021,camara,79,79,0,0
1204353,2019,camara,113,72,22,19
1204353,2020,camara,102,97,4,1
1204353,2021,camara,79,79,0,0
1204354,2019,camara,113,97,15,1
1204354,2020,camara,102,99,2,1
1204354,2021,camara,25,23,1,1
1204355,2019,camara,113,100,10,3
1204355,2020,camara,102,98,4,0
1204355,2021,camara,79,79,0,0
1204356,2019,camara,113,113,0,0
1204356,2020,camara,102,101,1,0
1204356,2021,camara,79,78,0,1
1204357,2019,camara,113,113,0,0
1204357,2020,camara,102,102,0,0
1204357,2021,camara,79,78,1,0
1204358,2019,camara,113,108,3,2
1204358,2020,camara,102,98,3,1
1204358,2021,camara,79,78,0,1
1204359,2019,camara,113,108,5,0
1204359,2020,camara,102,99,3,0
1204359,2021,camara,79,79,0,0
1204360,2019,camara,113,109,1,3
1204360,2020,camara,102,102,0,0
1204360,2021,camara,79,79,0,0
1204361,2019,camara,113,102,11,0
1204361,2020,camara,102,101,1,0
1204361,2021,camara,79,76,3,0
1204362,2019,camara,113,110,3,0
1204362,2020,camara,102,99,3,0
1204362,2021,camara,79,79,0,0
1204363,2019,camara,113,103,10,0
1204363,2020,camara,102,101,1,0
1204363,2021,camara,79,79,0,0
1204364,2019,camara,113,108,2,3
1204364,2020,camara,102,88,11,3
1204364,2021,camara,79,79,0,0
1204365,2019,camara,113,113,0,0
1204365,2020,camara,102,102,0,0
1204365,2021,camara,79,79,0,0
1204366,2019,camara,113,110,1,2
1204366,2020,camara,102,101,1,0
1204366,2021,camara,79,78,0,1
1204367,2019,camara,113,105,5,3
1204367,2020,camara,102,98,3,1
1204367,2021,camara,79,79,0,0
1204368,2019,camara,113,87,26,0
1204368,2020,camara,102,92,10,0
1204368,2021,camara,79,74,2,3
1204369,2019,camara,113,109,3,1
1204369,2020,camara,102,101,0,1
1204369,2021,camara,79,79,0,0
1204370,2019,camara,113,111,1,1
1204370,2020,camara,102,99,3,0
1204370,2021,camara,79,72,7,0
1204371,2019,camara,113,103,9,1
1204371,2020,camara,102,99,1,2
1204371,2021,camara,79,77,1,1
1204372,2019,camara,113,100,13,0
1204372,2020,camara,102,101,1,0
1204372,2021,camara,79,79,0,0
1204373,2019,camara,113,107,6,0
1204373,2020,camara,102,99,3,0
1204373,2021,camara,79,79,0,0
1204374,2019,camara,113,108,5,0
1204374,2020,camara,102,101,1,0
1204374,2021,camara,79,78,0,1
1204375,2019,camara,113,83,23,7
1204375,2020,camara,102,94,6,2
1204375,2021,camara,79,78,1,0
1204376,2019,camara,113,107,4,2
1204376,2020,camara,102,99,3,0
1204376,2021,camara,79,70,9,0
1204377,2019,camara,113,100,11,2
1204377,2020,camara,102,98,1,3
1204377,2021,camara,79,77,1,1
1204378,2019,camara,113,106,6,1
1204378,2020,camara,102,102,0,0
1204378,2021,camara,79,79,0,0
1204379,2019,camara,113,101,4,8
1204379,2020,camara,102,89,13,0
1204379,2021,camara,79,77,2,0
1204380,2019,camara,113,88,24,1
1204380,2020,camara,50,44,1,5
1204380,2021,camara,79,75,1,3
1204381,2019,camara,113,99,14,0
1204381,2020,camara,102,101,1,0
1204381,2021,camara,79,78,1,0
1204382,2019,camara,113,86,17,10
1204382,2020,camara,102,98,3,1
1204382,2021,camara,79,78,0,1
1204383,2019,camara,113,104,4,5
1204383,2020,camara,102,101,1,0
1204383,2021,camara,79,79,0,0
1204384,2019,camara,1,1,0,0
1204384,2020,camara,29,27,2,0
1204385,2019,camara,113,91,18,4
1204385,2020,camara,102,98,4,0
1204385,2021,camara,79,67,11,1
1204386,2019,camara,113,110,2,1
1204386,2020,camara,102,100,1,1
1204386,2021,camara,79,79,0,0
1204387,2019,camara,113,110,3,0
1204387,2020,camara,102,102,0,0
1204387,2021,camara,79,78,0,1
1204388,2019,camara,113,108,5,0
1204388,2020,camara,102,101,1,0
1204388,2021,camara,79,79,0,0
1204389,2019,camara,113,112,0,1
1204389,2020,camara,102,101,0,1
1204389,2021,camara,79,79,0,0
1204390,2019,camara,113,113,0,0
1204390,2020,camara,102,98,3,1
1204390,2021,camara,79,79,0,0
1204391,2019,camara,113,100,13,0
1204391,2020,camara,102,99,3,0
1204391,2021,camara,79,77,0,2
1204392,2019,camara,113,103,9,1
1204392,2020,camara,102,96,6,0
1204392,2021,camara,79,78,1,0
1204393,2019,camara,113,104,6,3
1204393,2020,camara,102,95,6,1
1204393,2021,camara,79,78,1,0
1204394,2019,camara,113,107,3,3
1204394,2020,camara,102,100,1,1
1204394,2021,camara,79,79,0,0
1204395,2019,camara,113,104,3,6
1204395,2020,camara,102,102,0,0
1204395,2021,camara,79,75,0,4
1204396,2019,camara,113,104,5,4
1204396,2020,camara,102,98,3,1
1204396,2021,camara,79,72,7,0
1204397,2019,camara,113,92,21,0
1204397,2020,camara,102,96,6,0
1204397,2021,camara,79,76,0,3
1204398,2019,camara,113,109,1,3
1204398,2020,camara,102,97,5,0
1204398,2021,camara,79,78,0,1
1204399,2019,camara,113,112,1,0
1204399,2020,camara,102,100,2,0
1204399,2021,camara,28,10,17,1
1204400,2019,camara,113,80,33,0
1204400,2020,camara,102,102,0,0
1204400,2021,camara,79,78,0,1
1204403,2019,camara,113,73,33,7
1204403,2020,camara,102,94,4,4
1204403,2021,camara,79,78,1,0
1204404,2019,camara,113,112,1,0
1204404,2020,camara,102,102,0,0
1204404,2021,camara,79,79,0,0
1204405,2019,camara,113,106,7,0
1204405,2020,camara,102,99,2,1
1204405,2021,camara,79,79,0,0
1204406,2019,camara,113,107,3,3
1204406,2020,camara,102,101,0,1
1204406,2021,camara,78,63,15,0
1204407,2019,camara,113,103,6,4
1204407,2020,camara,102,99,2,1
1204407,2021,camara,79,78,0,1
1204408,2019,camara,113,89,21,3
1204408,2020,camara,102,97,5,0
1204408,2021,camara,79,78,0,1
1204409,2019,camara,113,110,3,0
1204409,2020,camara,102,102,0,0
1204409,2021,camara,79,79,0,0
1204410,2019,camara,113,100,9,4
1204410,2020,camara,102,101,0,1
1204410,2021,camara,79,74,0,5
1204411,2019,camara,113,99,5,9
1204411,2020,camara,102,91,6,5
1204411,2021,camara,79,73,3,3
1204412,2019,camara,113,112,1,0
1204412,2020,camara,102,101,1,0
1204412,2021,camara,79,79,0,0
1204413,2019,camara,113,104,8,1
1204413,2020,camara,102,94,8,0
1204413,2021,camara,79,78,1,0
1204414,2019,camara,113,103,9,1
1204414,2020,camara,102,101,1,0
1204414,2021,camara,79,79,0,0
1204415,2019,camara,113,90,16,7
1204415,2020,camara,102,102,0,0
1204415,2021,camara,79,79,0,0
1204416,2019,camara,113,106,6,1
1204416,2020,camara,102,99,3,0
1204416,2021,camara,79,79,0,0
1204418,2019,camara,113,111,2,0
1204418,2020,camara,102,100,1,1
1204418,2021,camara,79,78,1,0
1204419,2019,camara,113,100,13,0
1204419,2020,camara,102,96,5,1
1204419,2021,camara,79,75,3,1
1204420,2019,camara,113,104,5,4
1204420,2020,camara,102,98,2,2
1204420,2021,camara,79,79,0,0
1204421,2019,camara,113,83,29,1
1204421,2020,camara,102,64,37,1
1204421,2021,camara,79,65,14,0
1204422,2019,camara,113,106,7,0
1204422,2020,camara,102,100,2,0
1204422,2021,camara,79,79,0,0
1204423,2019,camara,113,80,33,0
1204423,2020,camara,102,90,12,0
1204423,2021,camara,79,78,1,0
1204425,2019,camara,113,97,8,8
1204425,2020,camara,102,94,7,1
1204425,2021,camara,79,70,2,7
1204426,2019,camara,113,109,3,1
1204426,2020,camara,102,99,3,0
1204426,2021,camara,79,79,0,0
1204427,2019,camara,113,102,11,0
1204427,2020,camara,102,97,5,0
1204427,2021,camara,79,78,0,1
1204428,2019,camara,113,86,24,3
1204428,2020,camara,102,95,4,3
1204428,2021,camara,79,79,0,0
1204429,2019,camara,113,106,5,2
1204429,2020,camara,102,101,1,0
1204430,2019,camara,113,101,9,3
1204430,2020,camara,102,101,1,0
1204430,2021,camara,79,78,0,1
1204431,2019,camara,113,108,1,4
1204431,2020,camara,102,98,3,1
1204431,2021,camara,79,77,0,2
1204432,2019,camara,113,110,2,1
1204432,2020,camara,102,101,1,0
1204432,2021,camara,79,79,0,0
1204433,2019,camara,113,97,16,0
1204433,2020,camara,102,101,1,0
1204433,2021,camara,14,14,0,0
1204434,2019,camara,113,100,11,2
1204434,2020,camara,102,98,4,0
1204434,2021,camara,79,79,0,0
1204435,2019,camara,113,107,5,1
1204435,2020,camara,102,93,8,1
1204435,2021,camara,79,77,0,2
1204436,2019,camara,113,101,12,0
1204436,2020,camara,102,91,11,0
1204436,2021,camara,79,73,6,0
1204437,2019,camara,113,89,8,16
1204437,2020,camara,102,96,1,5
1204437,2021,camara,79,79,0,0
1204438,2019,camara,113,103,2,8
1204438,2020,camara,102,98,4,0
1204438,2021,camara,79,76,3,0
1204439,2019,camara,113,111,2,0
1204439,2020,camara,102,102,0,0
1204439,2021,camara,78,68,10,0
1204440,2019,camara,113,102,9,2
1204440,2020,camara,102,101,1,0
1204440,2021,camara,79,79,0,0
1204441,2019,camara,113,108,1,4
1204441,2020,camara,102,98,2,2
1204441,2021,camara,79,78,1,0
1204442,2019,camara,113,102,11,0
1204442,2020,camara,102,98,4,0
1204442,2021,camara,79,79,0,0
1204444,2019,camara,113,90,18,5
1204444,2020,camara,102,101,1,0
1204444,2021,camara,79,79,0,0
1204446,2019,camara,113,111,1,1
1204446,2020,camara,102,99,3,0
1204446,2021,camara,79,77,1,1
1204447,2019,camara,113,91,21,1
1204447,2020,camara,102,97,3,2
1204447,2021,camara,73,71,0,2
1204448,2019,camara,113,98,14,1
1204448,2020,camara,102,95,6,1
1204448,2021,camara,79,79,0,0
1204449,2019,camara,113,104,3,6
1204449,2020,camara,102,100,2,0
1204449,2021,camara,79,79,0,0
1204450,2019,camara,113,99,10,4
1204450,2020,camara,102,99,2,1
1204450,2021,camara,79,75,0,4
1204451,2019,camara,113,107,6,0
1204451,2020,camara,102,102,0,0
1204451,2021,camara,79,79,0,0
1204452,2019,camara,113,107,6,0
1204452,2020,camara,102,100,2,0
1204452,2021,camara,79,79,0,0
1204453,2019,camara,113,105,8,0
1204453,2020,camara,102,100,1,1
1204453,2021,camara,79,79,0,0
1204454,2019,camara,113,108,4,1
1204454,2020,camara,102,88,10,4
1204454,2021,camara,78,45,0,33
1204455,2019,camara,113,113,0,0
1204455,2020,camara,102,101,1,0
1204455,2021,camara,79,79,0,0
1204456,2019,camara,113,105,5,3
1204456,2020,camara,102,97,4,1
1204456,2021,camara,79,77,0,2
1204457,2019,camara,113,106,7,0
1204457,2020,camara,102,99,2,1
1204457,2021,camara,54,54,0,0
1204458,2019,camara,85,63,14,8
1204458,2020,camara,102,100,1,1
1204458,2021,camara,79,79,0,0
1204459,2019,camara,113,100,13,0
1204459,2020,camara,102,95,7,0
1204459,2021,camara,79,79,0,0
1204460,2019,camara,113,108,1,4
1204460,2020,camara,102,100,1,1
1204460,2021,camara,79,77,0,2
1204461,2019,camara,113,109,4,0
1204461,2020,camara,102,99,3,0
1204461,2021,camara,79,77,2,0
1204462,2019,camara,113,110,3,0
1204462,2020,camara,102,93,9,0
1204462,2021,camara,79,51,28,0
1204463,2019,camara,113,106,5,2
1204463,2020,camara,102,95,5,2
1204464,2019,camara,113,96,17,0
1204464,2020,camara,102,55,47,0
1204464,2021,camara,79,75,4,0
1204465,2019,camara,113,85,21,7
1204465,2020,camara,102,90,11,1
1204465,2021,camara,79,78,0,1
1204466,2019,camara,113,69,43,1
1204466,2020,camara,102,86,16,0
1204466,2021,camara,79,79,0,0
1204467,2019,camara,113,104,9,0
1204467,2020,camara,102,98,3,1
1204467,2021,camara,79,78,0,1
1204468,2019,camara,113,102,8,3
1204468,2020,camara,102,101,0,1
1204468,2021,camara,79,79,0,0
1204469,2019,camara,113,97,16,0
1204469,2020,camara,88,86,2,0
1204471,2019,camara,113,110,0,3
1204471,2020,camara,102,99,3,0
1204471,2021,camara,79,79,0,0
1204472,2019,camara,113,104,8,1
1204472,2020,camara,102,91,10,1
1204472,2021,camara,79,79,0,0
1204473,2019,camara,113,90,23,0
1204473,2020,camara,102,97,2,3
1204473,2021,camara,79,76,3,0
1204474,2019,camara,113,102,11,0
1204474,2020,camara,102,93,9,0
1204474,2021,camara,79,79,0,0
1204475,2019,camara,113,102,4,7
1204475,2020,camara,81,76,2,3
1204475,2021,camara,79,78,0,1
1204476,2019,camara,113,107,6,0
1204476,2020,camara,102,99,2,1
1204476,2021,camara,79,78,0,1
1204477,2019,camara,113,101,12,0
1204477,2020,camara,102,101,1,0
1204477,2021,camara,79,79,0,0
1204478,2019,camara,113,95,14,4
1204478,2020,camara,102,100,0,2
1204478,2021,camara,52,49,0,3
1204479,2019,camara,113,101,11,1
1204479,2020,camara,102,100,2,0
1204479,2021,camara,79,79,0,0
1204480,2019,camara,113,106,6,1
1204480,2020,camara,102,99,1,2
1204480,2021,camara,79,78,0,1
1204481,2019,camara,113,89,20,4
1204481,2020,camara,102,94,5,3
1204481,2021,camara,79,76,0,3
1204482,2019,camara,113,103,9,1
1204482,2020,camara,102,98,4,0
1204482,2021,camara,79,77,0,2
1204483,2019,camara,113,109,3,1
1204483,2020,camara,102,99,3,0
1204483,2021,camara,79,78,0,1
1204484,2019,camara,113,103,7,3
1204484,2020,camara,102,102,0,0
1204484,2021,camara,79,79,0,0
1204485,2019,camara,113,108,2,3
1204485,2020,camara,102,102,0,0
1204485,2021,camara,79,78,0,1
1204486,2019,camara,73,70,3,0
1204486,2020,camara,102,101,1,0
1204486,2021,camara,4,4,0,0
1204487,2019,camara,113,105,5,3
1204487,2020,camara,82,77,2,3
1204487,2021,camara,79,79,0,0
1204488,2019,camara,113,113,0,0
1204488,2020,camara,102,101,1,0
1204488,2021,camara,79,75,2,2
1204489,2019,camara,113,105,6,2
1204489,2020,camara,102,96,3,3
1204489,2021,camara,42,42,0,0
1204490,2019,camara,113,105,3,5
1204490,2020,camara,102,99,2,1
1204490,2021,camara,79,79,0,0
1204491,2019,camara,113,103,3,7
1204491,2020,camara,102,98,3,1
1204491,2021,camara,79,79,0,0
1204492,2019,camara,113,103,7,3
1204492,2020,camara,102,100,1,1
1204492,2021,camara,79,79,0,0
1204494,2019,camara,113,113,0,0
1204494,2020,camara,102,97,5,0
1204494,2021,camara,79,76,3,0
1204495,2019,camara,113,102,5,6
1204495,2020,camara,102,98,3,1
1204495,2021,camara,79,79,0,0
1204496,2019,camara,113,104,8,1
1204496,2020,camara,102,101,1,0
1204496,2021,camara,79,79,0,0
1204497,2019,camara,113,100,13,0
1204497,2020,camara,102,100,2,0
1204497,2021,camara,79,79,0,0
1204498,2019,camara,113,101,10,2
1204498,2020,camara,102,93,4,5
1204498,2021,camara,79,79,0,0
1204499,2019,camara,113,105,5,3
1204499,2020,camara,102,100,2,0
1204499,2021,camara,79,79,0,0
1204500,2019,camara,113,100,12,1
1204500,2020,camara,102,98,4,0
1204500,2021,camara,79,79,0,0
1204501,2019,camara,113,108,3,2
1204501,2020,camara,102,97,4,1
1204501,2021,camara,79,76,2,1
1204502,2019,camara,113,98,11,4
1204502,2020,camara,102,95,6,1
1204502,2021,camara,79,79,0,0
1204503,2019,camara,113,104,8,1
1204503,2020,camara,102,100,2,0
1204503,2021,camara,79,77,2,0
1204504,2019,camara,113,106,3,4
1204504,2020,camara,102,94,4,4
1204504,2021,camara,79,78,0,1
1204505,2019,camara,113,97,13,3
1204505,2020,camara,102,99,1,2
1204505,2021,camara,79,77,0,2
1204506,2019,camara,113,79,34,0
1204506,2020,camara,102,89,13,0
1204506,2021,camara,79,74,5,0
1204507,2019,camara,113,79,22,12
1204507,2020,camara,102,93,8,1
1204507,2021,camara,79,79,0,0
1204508,2019,camara,113,102,6,5
1204508,2020,camara,102,91,4,7
1204508,2021,camara,79,75,4,0
1204509,2019,camara,113,99,14,0
1204509,2020,camara,84,55,29,0
1204509,2021,camara,79,46,33,0
1204510,2019,camara,113,111,2,0
1204510,2020,camara,102,102,0,0
1204510,2021,camara,79,78,0,1
1204511,2019,camara,113,92,18,3
1204511,2020,camara,102,98,3,1
1204511,2021,camara,79,79,0,0
1204512,2019,camara,113,106,6,1
1204512,2020,camara,102,100,2,0
1204512,2021,camara,79,79,0,0
1204513,2019,camara,113,112,1,0
1204513,2020,camara,102,97,4,1
1204513,2021,camara,79,79,0,0
1204514,2019,camara,113,105,2,6
1204514,2020,camara,102,100,2,0
1204514,2021,camara,79,78,0,1
1204515,2019,camara,113,109,4,0
1204515,2020,camara,102,100,2,0
1204515,2021,camara,79,78,1,0
1204516,2019,camara,113,104,5,4
1204516,2020,camara,102,102,0,0
1204516,2021,camara,79,79,0,0
1204517,2019,camara,113,93,20,0
1204517,2020,camara,102,96,5,1
1204517,2021,camara,79,79,0,0
1204518,2019,camara,113,103,6,4
1204518,2020,camara,102,96,2,4
1204518,2021,camara,79,77,0,2
1204519,2019,camara,113,110,3,0
1204519,2020,camara,102,94,8,0
1204519,2021,camara,79,79,0,0
1204520,2019,camara,113,113,0,0
1204520,2020,camara,102,101,1,0
1204520,2021,camara,79,79,0,0
1204521,2019,camara,113,109,0,4
1204521,2020,camara,102,101,1,0
1204521,2021,camara,79,79,0,0
1204522,2019,camara,113,112,1,0
1204522,2020,camara,102,99,2,1
1204522,2021,camara,79,78,1,0
1204523,2019,camara,113,110,2,1
1204523,2020,camara,102,98,4,0
1204523,2021,camara,79,79,0,0
1204524,2019,camara,113,109,4,0
1204524,2020,camara,102,101,1,0
1204524,2021,camara,79,78,0,1
1204525,2019,camara,113,109,4,0
1204525,2020,camara,102,101,1,0
1204525,2021,camara,79,79,0,0
1204526,2019,camara,113,107,5,1
1204526,2020,camara,102,99,3,0
1204526,2021,camara,79,78,0,1
1204527,2019,camara,113,99,10,4
1204527,2020,camara,102,98,4,0
1204527,2021,camara,79,78,0,1
1204528,2019,camara,113,113,0,0
1204528,2020,camara,102,102,0,0
1204528,2021,camara,79,79,0,0
1204529,2019,camara,113,98,10,5
1204529,2020,camara,102,93,7,2
1204529,2021,camara,79,78,1,0
1204530,2019,camara,113,108,5,0
1204530,2020,camara,102,101,0,1
1204530,2021,camara,79,78,0,1
1204531,2019,camara,113,111,2,0
1204531,2020,camara,102,101,1,0
1204531,2021,camara,79,79,0,0
1204532,2019,camara,113,111,2,0
1204532,2020,camara,102,101,1,0
1204532,2021,camara,79,79,0,0
1204533,2019,camara,113,109,4,0
1204533,2020,camara,102,99,2,1
1204533,2021,camara,79,79,0,0
1204534,2019,camara,113,104,7,2
1204534,2020,camara,102,101,1,0
1204534,2021,camara,79,78,0,1
1204535,2019,camara,113,108,3,2
1204535,2020,camara,102,100,1,1
1204535,2021,camara,78,54,20,4
1204536,2019,camara,113,97,6,10
1204536,2020,camara,102,101,0,1
1204536,2021,camara,79,79,0,0
1204537,2019,camara,113,109,4,0
1204537,2020,camara,102,93,8,1
1204537,2021,camara,79,79,0,0
1204538,2019,camara,113,90,23,0
1204538,2020,camara,102,91,11,0
1204538,2021,camara,79,77,2,0
1204539,2019,camara,113,101,4,8
1204539,2020,camara,102,81,15,6
1204539,2021,camara,79,75,4,0
1204540,2019,camara,113,112,1,0
1204540,2020,camara,102,101,1,0
1204540,2021,camara,79,62,17,0
1204541,2019,camara,113,104,8,1
1204541,2020,camara,102,102,0,0
1204541,2021,camara,79,79,0,0
1204542,2019,camara,113,109,3,1
1204542,2020,camara,102,101,0,1
1204542,2021,camara,34,34,0,0
1204543,2019,camara,113,69,35,9
1204543,2020,camara,4,0,0,4
1204544,2019,camara,113,101,10,2
1204544,2020,camara,102,97,4,1
1204544,2021,camara,79,79,0,0
1204545,2019,camara,113,106,6,1
1204545,2020,camara,102,99,3,0
1204545,2021,camara,79,78,0,1
1204546,2019,camara,113,96,16,1
1204546,2020,camara,102,90,12,0
1204546,2021,camara,79,79,0,0
1204547,2019,camara,113,109,3,1
1204547,2020,camara,102,88,11,3
1204547,2021,camara,79,76,0,3
1204548,2019,camara,113,108,5,0
1204548,2020,camara,102,96,6,0
1204548,2021,camara,79,79,0,0
1204549,2019,camara,113,98,6,9
1204549,2020,camara,102,100,2,0
1204549,2021,camara,79,77,0,2
1204550,2019,camara,113,92,17,4
1204550,2020,camara,102,94,6,2
1204550,2021,camara,79,76,0,3
1204551,2019,camara,113,93,3,17
1204551,2020,camara,102,95,3,4
1204551,2021,camara,79,79,0,0
1204552,2019,camara,113,113,0,0
1204552,2020,camara,102,101,1,0
1204553,2019,camara,113,106,1,6
1204553,2020,camara,102,96,4,2
1204553,2021,camara,79,76,0,3
1204554,2019,camara,113,112,1,0
1204554,2020,camara,102,100,1,1
1204554,2021,camara,79,79,0,0
1204555,2019,camara,113,111,2,0
1204555,2020,camara,102,100,1,1
1204555,2021,camara,79,79,0,0
1204556,2019,camara,113,110,3,0
1204556,2020,camara,102,102,0,0
1204556,2021,camara,79,79,0,0
1204557,2019,camara,113,113,0,0
1204557,2020,camara,102,102,0,0
1204557,2021,camara,79,79,0,0
1204558,2019,camara,113,110,0,3
1204558,2020,camara,102,96,3,3
1204558,2021,camara,79,79,0,0
1204559,2019,camara,113,102,7,4
1204559,2020,camara,102,95,5,2
1204559,2021,camara,79,79,0,0
1204560,2019,camara,113,104,5,4
1204560,2020,camara,102,94,5,3
1204560,2021,camara,79,78,0,1
1204561,2019,camara,113,95,17,1
1204561,2020,camara,102,102,0,0
1204561,2021,camara,79,79,0,0
1204562,2019,camara,113,101,11,1
1204562,2020,camara,102,98,3,1
1204562,2021,camara,79,79,0,0
1204563,2019,camara,113,89,7,17
1204563,2020,camara,54,51,0,3
1204563,2021,camara,79,76,0,3
1204564,2019,camara,113,78,20,15
1204564,2020,camara,102,87,3,12
1204564,2021,camara,79,78,1,0
1204565,2019,camara,113,110,3,0
1204565,2020,camara,102,98,4,0
1204565,2021,camara,79,79,0,0
1204566,2019,camara,113,105,7,1
1204566,2020,camara,102,93,7,2
1204566,2021,camara,79,77,0,2
1204567,2019,camara,113,101,6,6
1204567,2020,camara,102,98,3,1
1204567,2021,camara,79,77,0,2
1204569,2019,camara,113,99,14,0
1204569,2020,camara,102,100,2,0
1204569,2021,camara,79,79,0,0
1204570,2019,camara,113,103,4,6
1204570,2020,camara,102,87,6,9
1204570,2021,camara,79,78,0,1
1204571,2019,camara,113,105,6,2
1204571,2020,camara,102,96,4,2
1204571,2021,camara,79,76,0,3
1204572,2019,camara,113,96,17,0
1204572,2020,camara,102,100,1,1
1204572,2021,camara,79,79,0,0
1204573,2019,camara,113,111,2,0
1204573,2020,camara,102,101,1,0
1204573,2021,camara,79,79,0,0
1204574,2019,camara,113,85,14,14
1204574,2020,camara,72,56,8,8
1204574,2021,camara,79,74,1,4
1204575,2019,camara,113,104,5,4
1204575,2020,camara,102,100,1,1
1204575,2021,camara,79,77,0,2
1204576,2019,camara,113,104,7,2
1204576,2020,camara,102,101,1,0
1204576,2021,camara,10,5,0,5
1205476,2019,camara,113,106,7,0
1205476,2020,camara,102,100,1,1
1205476,2021,camara,79,78,0,1
1205535,2019,camara,5,5,0,0
1205535,2020,camara,54,53,1,0
1205548,2019,camara,113,87,22,4
1205548,2020,camara,102,98,4,0
1205548,2021,camara,79,77,0,2
1205550,2019,camara,113,86,27,0
1205550,2020,camara,102,96,6,0
1205550,2021,camara,79,72,7,0
1205863,2019,camara,106,85,8,13
1205863,2020,camara,102,92,6,4
1205863,2021,camara,77,76,0,1
1205865,2019,camara,112,106,6,0
1205865,2020,camara,73,72,1,0
1205865,2021,camara,79,79,0,0
1206231,2019,camara,112,107,4,1
1206231,2020,camara,102,99,2,1
1206231,2021,camara,79,79,0,0
1207176,2019,camara,108,100,8,0
1207176,2020,camara,102,100,2,0
1207176,2021,camara,77,77,0,0
1207309,2019,camara,107,101,3,3
1207309,2020,camara,95,91,4,0
1209189,2019,camara,98,94,1,3
1209189,2020,camara,102,98,3,1
1209189,2021,camara,79,78,1,0
1211649,2019,camara,30,29,0,1
1211866,2019,camara,43,43,0,0
1211866,2020,camara,16,15,1,0
1212504,2019,camara,14,14,0,0
1212504,2020,camara,12,9,3,0
1212625,2019,camara,6,6,0,0
1212625,2020,camara,20,16,3,1
1212625,2021,camara,67,66,0,1
1212749,2020,camara,85,85,0,0
1213274,2020,camara,82,81,1,0
1213274,2021,camara,79,78,0,1
1213679,2020,camara,39,38,0,1
1213762,2020,camara,50,50,0,0
1213762,2021,camara,79,79,0,0
1213854,2020,camara,20,20,0,0
1213856,2020,camara,28,28,0,0
1214445,2020,camara,22,22,0,0
1214477,2020,camara,21,21,0,0
1214694,2020,camara,18,18,0,0
1215042,2021,camara,79,79,0,0
1215043,2021,camara,79,79,0,0
1215044,2021,camara,79,79,0,0
1215045,2021,camara,79,77,2,0
1215361,2021,camara,3,3,0,0
1216198,2021,camara,14,14,0,0
1216313,2021,camara,41,41,0,0
1216544,2021,camara,44,44,0,0
1216545,2021,camara,38,38,0,0
1217036,2021,camara,22,22,0,0
1217330,2021,camara,11,11,0,0
