id_parlamentar,casa,ano,dias_ausencias_justificadas,dias_ausencias_nao_justificadas,dias_com_sessoes_deliberativas,dias_presentes
66179,camara,2019,9,0,107,98
66179,camara,2020,0,0,8,8
66828,camara,2019,8,11,107,88
66828,camara,2020,1,0,8,7
67138,camara,2019,11,7,107,89
67138,camara,2020,0,0,8,8
68720,camara,2019,0,0,107,107
68720,camara,2020,0,0,8,8
69871,camara,2019,0,11,107,96
69871,camara,2020,0,0,8,8
72442,camara,2020,0,0,8,8
73433,camara,2019,5,0,107,102
73433,camara,2020,0,0,8,8
73441,camara,2019,3,3,107,101
73441,camara,2020,0,0,8,8
73460,camara,2019,2,0,107,105
73460,camara,2020,0,0,8,8
73466,camara,2019,15,0,107,92
73466,camara,2020,0,0,8,8
73482,camara,2019,3,1,107,103
73482,camara,2020,0,0,8,8
73486,camara,2019,6,8,107,93
73486,camara,2020,0,1,8,7
73531,camara,2019,6,0,107,101
73531,camara,2020,0,0,8,8
73586,camara,2019,8,1,107,98
73586,camara,2020,0,0,8,8
73604,camara,2019,0,1,107,106
73604,camara,2020,0,0,8,8
73692,camara,2019,0,0,1,1
73692,camara,2020,0,0,3,3
73696,camara,2019,15,0,107,92
73696,camara,2020,0,0,8,8
73701,camara,2019,5,3,107,99
73701,camara,2020,0,0,8,8
73772,camara,2019,0,0,107,107
73772,camara,2020,0,1,8,7
73788,camara,2019,5,9,107,93
73788,camara,2020,3,1,8,4
73801,camara,2019,0,5,107,102
73801,camara,2020,0,1,8,7
73808,camara,2019,5,6,41,30
73808,camara,2020,0,1,8,7
73891,camara,2019,13,3,106,90
73891,camara,2020,0,0,5,5
73943,camara,2019,2,2,107,103
73943,camara,2020,0,0,8,8
74043,camara,2020,4,0,8,4
74044,camara,2019,1,0,107,106
74044,camara,2020,0,3,7,4
74052,camara,2019,7,2,107,98
74052,camara,2020,0,0,8,8
74057,camara,2019,3,1,107,103
74057,camara,2020,0,1,8,7
74060,camara,2019,12,1,107,94
74060,camara,2020,0,0,8,8
74075,camara,2019,31,10,107,66
74075,camara,2020,0,2,8,6
74079,camara,2019,10,32,107,65
74079,camara,2020,0,1,8,7
74090,camara,2019,17,3,107,87
74090,camara,2020,2,3,8,3
74141,camara,2019,4,3,14,7
74156,camara,2019,6,4,107,97
74156,camara,2020,0,0,8,8
74158,camara,2019,13,0,107,94
74158,camara,2020,1,0,8,7
74159,camara,2019,5,1,107,101
74159,camara,2020,0,0,8,8
74160,camara,2019,10,9,107,88
74160,camara,2020,0,0,8,8
74161,camara,2019,0,5,107,102
74161,camara,2020,0,0,8,8
74200,camara,2019,8,1,94,85
74200,camara,2020,0,1,8,7
74212,camara,2019,6,2,38,30
74262,camara,2019,19,0,107,88
74262,camara,2020,1,0,8,7
74270,camara,2019,5,1,107,101
74270,camara,2020,0,1,8,7
74273,camara,2019,17,4,105,84
74283,camara,2019,10,1,107,96
74283,camara,2020,0,0,8,8
74299,camara,2020,0,0,8,8
74305,camara,2019,17,13,107,77
74305,camara,2020,0,2,8,6
74317,camara,2020,0,0,8,8
74319,camara,2019,1,1,57,55
74319,camara,2020,0,0,8,8
74352,camara,2019,4,10,107,93
74352,camara,2020,0,1,8,7
74356,camara,2019,10,10,107,87
74356,camara,2020,0,1,8,7
74366,camara,2020,0,0,8,8
74371,camara,2019,0,4,107,103
74371,camara,2020,0,1,8,7
74376,camara,2019,7,3,107,97
74376,camara,2020,0,0,8,8
74383,camara,2019,42,0,107,65
74383,camara,2020,0,0,8,8
74398,camara,2019,12,0,107,95
74398,camara,2020,0,0,8,8
74399,camara,2019,0,0,7,7
74400,camara,2019,15,0,107,92
74400,camara,2020,2,0,8,6
74419,camara,2019,17,2,107,88
74419,camara,2020,1,0,8,7
74439,camara,2019,0,7,107,100
74439,camara,2020,0,0,8,8
74459,camara,2019,2,4,107,101
74459,camara,2020,0,1,8,7
74467,camara,2019,1,5,107,101
74467,camara,2020,0,0,8,8
74471,camara,2019,4,0,107,103
74471,camara,2020,0,0,8,8
74478,camara,2019,39,0,107,68
74478,camara,2020,7,0,8,1
74537,camara,2019,20,1,107,86
74537,camara,2020,0,0,8,8
74554,camara,2019,18,3,107,86
74554,camara,2020,0,0,8,8
74571,camara,2019,8,1,100,91
74574,camara,2019,3,0,74,71
74574,camara,2020,0,0,8,8
74585,camara,2019,0,0,107,107
74585,camara,2020,0,0,8,8
74646,camara,2019,23,0,107,84
74646,camara,2020,2,0,8,6
74655,camara,2019,6,0,107,101
74655,camara,2020,0,0,8,8
74693,camara,2019,9,0,107,98
74693,camara,2020,0,0,8,8
74749,camara,2019,4,7,107,96
74749,camara,2020,0,2,8,6
74784,camara,2019,23,0,107,84
74784,camara,2020,0,0,8,8
74848,camara,2019,17,0,107,90
74848,camara,2020,0,0,8,8
75431,camara,2020,2,0,8,6
76874,camara,2020,0,0,8,8
81055,camara,2019,6,7,107,94
81055,camara,2020,0,0,8,8
81297,camara,2019,0,0,107,107
81297,camara,2020,0,0,8,8
90201,camara,2019,9,2,107,96
90201,camara,2020,0,0,8,8
90842,camara,2019,4,1,104,99
90842,camara,2020,0,0,8,8
92102,camara,2019,4,3,107,100
92102,camara,2020,1,0,8,7
92346,camara,2019,21,3,107,83
92346,camara,2020,0,0,8,8
92699,camara,2019,8,5,107,94
92699,camara,2020,0,2,8,6
92776,camara,2019,7,3,107,97
92776,camara,2020,0,1,8,7
93083,camara,2019,0,11,107,96
93083,camara,2020,0,0,8,8
98057,camara,2019,6,1,107,100
98057,camara,2020,0,0,8,8
107283,camara,2019,27,0,107,80
107283,camara,2020,2,0,8,6
108338,camara,2019,14,0,107,93
108338,camara,2020,0,0,8,8
109429,camara,2019,5,1,107,101
109429,camara,2020,0,2,8,6
112437,camara,2019,11,1,107,95
112437,camara,2020,5,0,8,3
115746,camara,2019,3,2,107,102
115746,camara,2020,0,1,8,7
116379,camara,2019,1,1,107,105
116379,camara,2020,0,0,8,8
121948,camara,2019,0,1,107,106
121948,camara,2020,0,1,8,7
122158,camara,2019,9,4,107,94
122158,camara,2020,0,0,8,8
122466,camara,2019,3,0,27,24
122466,camara,2020,0,0,3,3
122974,camara,2019,11,0,107,96
122974,camara,2020,2,0,8,6
128760,camara,2020,0,3,4,1
132504,camara,2019,13,0,107,94
132504,camara,2020,3,0,8,5
133439,camara,2019,5,0,107,102
133439,camara,2020,0,0,8,8
133810,camara,2020,0,0,8,8
133968,camara,2019,15,1,107,91
133968,camara,2020,3,0,8,5
134812,camara,2019,2,4,107,101
134812,camara,2020,0,0,8,8
135054,camara,2019,5,0,107,102
135054,camara,2020,0,0,8,8
136811,camara,2019,4,0,107,103
136811,camara,2020,0,0,8,8
137070,camara,2019,7,12,107,88
137070,camara,2020,4,0,8,4
139285,camara,2019,6,4,107,97
139285,camara,2020,0,0,8,8
141335,camara,2019,3,3,107,101
141335,camara,2020,0,0,8,8
141391,camara,2019,10,6,107,91
141391,camara,2020,0,0,8,8
141398,camara,2019,11,0,107,96
141398,camara,2020,3,0,8,5
141401,camara,2019,20,2,64,42
141401,camara,2020,0,1,8,7
141405,camara,2019,5,2,107,100
141405,camara,2020,0,0,8,8
141408,camara,2019,11,0,100,89
141411,camara,2019,5,0,107,102
141411,camara,2020,1,0,8,7
141417,camara,2019,3,9,107,95
141417,camara,2020,0,0,8,8
141421,camara,2019,2,11,107,94
141421,camara,2020,1,2,8,5
141422,camara,2019,10,1,107,96
141422,camara,2020,1,0,8,7
141427,camara,2020,0,0,8,8
141428,camara,2019,16,0,107,91
141428,camara,2020,4,0,8,4
141431,camara,2019,6,8,107,93
141431,camara,2020,0,1,8,7
141434,camara,2019,18,7,107,82
141434,camara,2020,0,0,8,8
141439,camara,2019,15,3,107,89
141439,camara,2020,0,0,8,8
141450,camara,2019,6,0,107,101
141450,camara,2020,3,1,8,4
141458,camara,2019,16,2,107,89
141458,camara,2020,4,0,8,4
141459,camara,2019,0,0,107,107
141459,camara,2020,0,0,8,8
141464,camara,2019,29,1,107,77
141464,camara,2020,1,0,8,7
141470,camara,2019,6,0,107,101
141470,camara,2020,0,0,8,8
141488,camara,2019,6,1,107,100
141488,camara,2020,1,0,8,7
141508,camara,2019,0,0,107,107
141508,camara,2020,0,0,8,8
141513,camara,2019,9,0,67,58
141516,camara,2019,6,10,107,91
141516,camara,2020,0,1,8,7
141518,camara,2019,28,0,107,79
141518,camara,2020,2,0,8,6
141523,camara,2019,8,0,107,99
141523,camara,2020,0,0,8,8
141531,camara,2019,4,3,107,100
141531,camara,2020,0,2,8,6
141552,camara,2019,1,1,43,41
141553,camara,2019,8,1,107,98
141553,camara,2020,1,0,8,7
141555,camara,2019,16,2,107,89
141555,camara,2020,0,0,8,8
143084,camara,2019,4,2,107,101
143084,camara,2020,0,0,8,8
143632,camara,2019,16,9,107,82
143632,camara,2020,0,4,8,4
146307,camara,2019,3,6,107,98
146307,camara,2020,0,0,8,8
146788,camara,2019,7,15,107,85
146788,camara,2020,0,2,8,6
150418,camara,2019,9,4,107,94
150418,camara,2020,0,1,8,7
151208,camara,2019,9,16,107,82
151208,camara,2020,0,0,8,8
152605,camara,2019,5,0,107,102
152605,camara,2020,0,0,8,8
152610,camara,2019,10,3,107,94
152610,camara,2020,0,0,8,8
154178,camara,2019,9,1,107,97
154178,camara,2020,0,2,8,6
156190,camara,2019,10,0,107,97
156190,camara,2020,2,0,8,6
157130,camara,2019,5,4,107,98
157130,camara,2020,0,0,8,8
159237,camara,2019,27,0,107,80
159237,camara,2020,1,0,8,7
160508,camara,2019,1,3,107,103
160508,camara,2020,0,1,8,7
160510,camara,2020,1,0,8,7
160511,camara,2019,8,0,107,99
160511,camara,2020,3,0,8,5
160512,camara,2019,9,5,107,93
160512,camara,2020,1,1,8,6
160517,camara,2019,0,0,1,1
160518,camara,2019,0,0,107,107
160518,camara,2020,0,0,8,8
160527,camara,2019,31,2,107,74
160527,camara,2020,2,0,8,6
160528,camara,2019,13,3,107,91
160528,camara,2020,0,1,8,7
160531,camara,2019,19,2,107,86
160531,camara,2020,4,0,8,4
160532,camara,2019,0,7,105,98
160534,camara,2019,4,1,107,102
160534,camara,2020,0,1,8,7
160535,camara,2019,11,6,107,90
160535,camara,2020,0,0,8,8
160538,camara,2019,4,0,107,103
160538,camara,2020,0,0,8,8
160541,camara,2019,35,0,107,72
160541,camara,2020,5,0,8,3
160545,camara,2019,0,2,107,105
160545,camara,2020,0,0,8,8
160552,camara,2019,4,15,107,88
160552,camara,2020,0,3,8,5
160553,camara,2019,5,2,107,100
160553,camara,2020,0,0,8,8
160556,camara,2019,3,5,107,99
160556,camara,2020,0,0,8,8
160558,camara,2019,38,6,107,63
160558,camara,2020,0,1,8,7
160559,camara,2019,23,1,107,83
160559,camara,2020,0,0,8,8
160569,camara,2019,8,2,107,97
160569,camara,2020,0,1,8,7
160570,camara,2019,23,0,107,84
160570,camara,2020,2,2,8,4
160575,camara,2019,3,0,107,104
160575,camara,2020,0,0,8,8
160587,camara,2019,0,0,107,107
160587,camara,2020,0,0,8,8
160588,camara,2019,6,9,107,92
160588,camara,2020,0,0,8,8
160589,camara,2019,6,7,107,94
160589,camara,2020,0,0,8,8
160591,camara,2019,28,21,102,53
160592,camara,2019,7,2,107,98
160592,camara,2020,0,1,8,7
160598,camara,2019,9,4,107,94
160598,camara,2020,0,0,8,8
160599,camara,2019,1,1,107,105
160599,camara,2020,0,0,8,8
160600,camara,2019,14,12,107,81
160600,camara,2020,0,3,8,5
160601,camara,2019,19,1,107,87
160601,camara,2020,0,0,8,8
160604,camara,2019,0,3,107,104
160604,camara,2020,0,1,8,7
160610,camara,2019,2,1,107,104
160610,camara,2020,0,0,8,8
160619,camara,2019,0,0,107,107
160619,camara,2020,3,0,8,5
160621,camara,2019,0,0,1,1
160632,camara,2019,7,4,107,96
160632,camara,2020,0,0,8,8
160635,camara,2019,6,2,107,99
160635,camara,2020,2,1,8,5
160639,camara,2019,9,7,107,91
160639,camara,2020,0,2,8,6
160640,camara,2019,10,8,107,89
160640,camara,2020,0,0,8,8
160641,camara,2019,5,0,107,102
160641,camara,2020,0,0,8,8
160642,camara,2019,3,4,107,100
160642,camara,2020,1,0,8,7
160645,camara,2019,4,6,107,97
160645,camara,2020,0,3,8,5
160651,camara,2019,7,0,107,100
160651,camara,2020,0,0,8,8
160653,camara,2019,16,0,107,91
160653,camara,2020,0,0,8,8
160655,camara,2019,7,11,107,89
160655,camara,2020,0,1,8,7
160665,camara,2019,17,0,107,90
160665,camara,2020,0,0,8,8
160666,camara,2019,8,0,107,99
160666,camara,2020,0,1,8,7
160667,camara,2019,3,18,63,42
160667,camara,2020,0,7,8,1
160669,camara,2019,17,22,107,68
160669,camara,2020,2,0,8,6
160673,camara,2019,8,1,107,98
160673,camara,2020,3,0,8,5
160674,camara,2019,3,3,107,101
160674,camara,2020,0,2,8,6
160758,camara,2019,6,2,107,99
160758,camara,2020,0,0,8,8
160976,camara,2019,21,1,107,85
160976,camara,2020,0,0,8,8
161550,camara,2019,5,1,107,101
161550,camara,2020,1,0,8,7
162332,camara,2019,19,1,107,87
162332,camara,2020,0,0,8,8
164359,camara,2019,20,0,107,87
164359,camara,2020,0,0,8,8
164360,camara,2019,1,0,107,106
164360,camara,2020,0,0,8,8
166402,camara,2019,7,17,107,83
166402,camara,2020,0,1,8,7
168175,camara,2019,0,0,5,5
171617,camara,2019,4,0,107,103
171617,camara,2020,0,0,8,8
171619,camara,2019,1,5,107,101
171619,camara,2020,0,0,8,8
171623,camara,2019,11,7,107,89
171623,camara,2020,1,1,8,6
177282,camara,2019,2,1,107,104
177282,camara,2020,0,1,8,7
178829,camara,2019,2,0,107,105
178829,camara,2020,0,0,8,8
178831,camara,2019,4,4,107,99
178831,camara,2020,0,0,8,8
178832,camara,2019,25,0,107,82
178833,camara,2019,13,14,107,80
178833,camara,2020,0,3,8,5
178835,camara,2019,6,1,107,100
178835,camara,2020,1,0,8,7
178836,camara,2019,4,0,107,103
178836,camara,2020,0,0,8,8
178839,camara,2019,16,8,107,83
178839,camara,2020,0,0,8,8
178842,camara,2019,13,12,107,82
178842,camara,2020,0,0,8,8
178843,camara,2020,0,1,8,7
178854,camara,2019,28,0,107,79
178854,camara,2020,0,1,8,7
178857,camara,2019,9,1,107,97
178857,camara,2020,1,0,8,7
178858,camara,2019,16,0,107,91
178858,camara,2020,0,0,8,8
178860,camara,2019,3,2,107,102
178860,camara,2020,1,0,8,7
178861,camara,2019,5,8,107,94
178861,camara,2020,1,3,8,4
178863,camara,2019,11,1,107,95
178863,camara,2020,0,3,8,5
178866,camara,2019,20,6,107,81
178866,camara,2020,0,1,8,7
178871,camara,2019,7,2,107,98
178871,camara,2020,0,0,8,8
178873,camara,2019,9,0,107,98
178873,camara,2020,0,0,8,8
178874,camara,2019,3,0,107,104
178874,camara,2020,0,0,8,8
178876,camara,2019,5,0,107,102
178876,camara,2020,0,0,8,8
178879,camara,2019,8,8,107,91
178879,camara,2020,0,0,8,8
178881,camara,2019,10,0,107,97
178881,camara,2020,0,0,8,8
178882,camara,2019,38,0,107,69
178882,camara,2020,4,0,8,4
178884,camara,2019,6,3,107,98
178884,camara,2020,0,0,8,8
178886,camara,2019,6,11,107,90
178886,camara,2020,0,0,8,8
178887,camara,2019,0,0,7,7
178889,camara,2019,26,0,107,81
178889,camara,2020,0,0,8,8
178895,camara,2019,27,0,107,80
178895,camara,2020,0,1,8,7
178896,camara,2019,15,7,107,85
178896,camara,2020,2,1,8,5
178901,camara,2019,0,0,7,7
178908,camara,2019,3,6,107,98
178908,camara,2020,0,1,8,7
178909,camara,2019,10,2,107,95
178909,camara,2020,0,0,8,8
178910,camara,2019,3,0,107,104
178910,camara,2020,0,0,8,8
178912,camara,2019,4,1,107,102
178912,camara,2020,0,0,8,8
178916,camara,2019,6,0,107,101
178916,camara,2020,0,0,8,8
178920,camara,2019,3,4,107,100
178920,camara,2020,0,3,8,5
178921,camara,2019,18,22,107,67
178921,camara,2020,0,7,8,1
178922,camara,2019,17,0,107,90
178922,camara,2020,3,0,8,5
178924,camara,2019,0,1,22,21
178925,camara,2019,10,1,107,96
178925,camara,2020,3,0,8,5
178927,camara,2019,0,0,107,107
178927,camara,2020,0,0,8,8
178928,camara,2019,3,0,107,104
178928,camara,2020,0,0,8,8
178929,camara,2019,1,1,107,105
178929,camara,2020,0,0,8,8
178930,camara,2019,12,2,106,92
178930,camara,2020,8,0,8,0
178933,camara,2020,0,0,8,8
178934,camara,2019,16,0,107,91
178934,camara,2020,0,3,8,5
178937,camara,2019,5,8,107,94
178939,camara,2019,2,7,107,98
178939,camara,2020,2,0,8,6
178945,camara,2019,10,0,107,97
178945,camara,2020,0,0,8,8
178946,camara,2019,28,0,107,79
178946,camara,2020,1,0,8,7
178947,camara,2019,0,3,107,104
178947,camara,2020,0,0,8,8
178948,camara,2019,18,6,107,83
178948,camara,2020,0,0,8,8
178951,camara,2019,16,0,107,91
178951,camara,2020,1,0,8,7
178952,camara,2019,2,0,107,105
178952,camara,2020,0,0,8,8
178953,camara,2019,12,2,107,93
178953,camara,2020,0,0,8,8
178954,camara,2019,13,7,107,87
178954,camara,2020,1,0,8,7
178956,camara,2019,11,1,107,95
178956,camara,2020,0,2,8,6
178959,camara,2019,12,3,107,92
178959,camara,2020,2,1,8,5
178961,camara,2019,13,8,107,86
178961,camara,2020,0,0,8,8
178962,camara,2019,2,1,107,104
178962,camara,2020,0,0,8,8
178963,camara,2019,0,0,3,3
178964,camara,2019,8,3,107,96
178964,camara,2020,1,0,8,7
178966,camara,2019,1,0,107,106
178966,camara,2020,0,0,8,8
178969,camara,2019,17,4,107,86
178969,camara,2020,0,1,8,7
178970,camara,2019,2,0,107,105
178970,camara,2020,0,0,8,8
178972,camara,2019,12,1,107,94
178972,camara,2020,0,0,8,8
178975,camara,2019,15,0,107,92
178975,camara,2020,2,0,8,6
178977,camara,2019,11,1,107,95
178977,camara,2020,0,0,8,8
178981,camara,2019,7,6,107,94
178981,camara,2020,0,1,8,7
178982,camara,2019,0,0,1,1
178982,camara,2020,0,0,8,8
178983,camara,2019,0,0,107,107
178983,camara,2020,0,0,8,8
178984,camara,2019,6,7,43,30
178984,camara,2020,0,1,8,7
178985,camara,2019,0,0,107,107
178985,camara,2020,0,0,8,8
178986,camara,2019,5,1,107,101
178986,camara,2020,0,3,8,5
178987,camara,2019,4,5,107,98
178987,camara,2020,0,0,8,8
178989,camara,2019,26,0,107,81
178989,camara,2020,0,0,8,8
178990,camara,2019,5,0,107,102
178990,camara,2020,0,0,8,8
178992,camara,2019,4,1,107,102
178992,camara,2020,0,0,8,8
178993,camara,2019,1,1,107,105
178993,camara,2020,0,4,8,4
178994,camara,2019,14,0,107,93
178994,camara,2020,0,0,8,8
178996,camara,2019,0,1,107,106
178996,camara,2020,0,0,8,8
178997,camara,2019,2,5,81,74
178997,camara,2020,0,0,5,5
179000,camara,2019,0,0,6,6
179001,camara,2020,0,0,8,8
179587,camara,2019,29,0,107,78
179587,camara,2020,3,0,8,5
188097,camara,2019,0,2,31,29
191923,camara,2019,6,0,107,101
191923,camara,2020,0,0,8,8
193726,camara,2019,1,0,107,106
193726,camara,2020,0,0,8,8
194260,camara,2019,0,7,107,100
194260,camara,2020,0,3,8,5
195866,camara,2019,0,0,107,107
195866,camara,2020,0,0,8,8
196358,camara,2019,1,1,107,105
196358,camara,2020,0,0,8,8
197438,camara,2019,2,1,107,104
197438,camara,2020,0,0,8,8
198197,camara,2019,13,0,92,79
198783,camara,2019,0,2,107,105
198783,camara,2020,0,0,8,8
204351,camara,2019,6,3,107,98
204351,camara,2020,0,0,8,8
204352,camara,2019,8,1,107,98
204352,camara,2020,0,0,8,8
204353,camara,2019,19,20,107,68
204353,camara,2020,0,1,8,7
204354,camara,2019,14,1,107,92
204354,camara,2020,1,0,8,7
204355,camara,2019,8,5,107,94
204355,camara,2020,3,0,8,5
204356,camara,2019,0,0,107,107
204356,camara,2020,0,0,8,8
204357,camara,2019,0,0,107,107
204357,camara,2020,0,0,8,8
204358,camara,2019,3,2,107,102
204358,camara,2020,0,0,8,8
204359,camara,2019,4,0,107,103
204359,camara,2020,0,3,8,5
204360,camara,2019,1,3,107,103
204360,camara,2020,0,0,8,8
204361,camara,2019,10,1,107,96
204361,camara,2020,0,0,8,8
204362,camara,2019,3,0,107,104
204362,camara,2020,0,0,8,8
204363,camara,2019,9,0,107,98
204363,camara,2020,0,0,8,8
204364,camara,2019,2,3,107,102
204364,camara,2020,0,0,8,8
204365,camara,2019,0,0,107,107
204365,camara,2020,0,0,8,8
204366,camara,2019,1,2,107,104
204366,camara,2020,0,0,8,8
204367,camara,2019,5,3,107,99
204367,camara,2020,0,1,8,7
204368,camara,2020,5,0,8,3
204369,camara,2019,3,1,107,103
204369,camara,2020,0,0,8,8
204370,camara,2019,1,1,107,105
204370,camara,2020,0,0,8,8
204371,camara,2019,6,4,107,97
204371,camara,2020,0,1,8,7
204372,camara,2019,12,0,107,95
204372,camara,2020,0,0,8,8
204373,camara,2019,6,0,107,101
204373,camara,2020,0,0,8,8
204374,camara,2019,5,0,107,102
204374,camara,2020,0,0,8,8
204375,camara,2019,22,6,107,79
204375,camara,2020,1,0,8,7
204376,camara,2019,3,2,107,102
204376,camara,2020,0,0,8,8
204377,camara,2019,8,4,107,95
204377,camara,2020,0,0,8,8
204378,camara,2019,6,1,107,100
204378,camara,2020,0,0,8,8
204379,camara,2019,4,8,107,95
204379,camara,2020,3,0,8,5
204380,camara,2019,23,1,107,83
204380,camara,2020,0,1,8,7
204381,camara,2019,13,1,107,93
204381,camara,2020,0,0,8,8
204382,camara,2019,17,10,107,80
204382,camara,2020,0,0,8,8
204383,camara,2019,2,7,107,98
204383,camara,2020,0,0,8,8
204384,camara,2019,0,0,1,1
204385,camara,2019,18,4,107,85
204385,camara,2020,0,0,8,8
204386,camara,2019,2,1,107,104
204386,camara,2020,0,1,8,7
204387,camara,2019,3,0,107,104
204387,camara,2020,0,0,8,8
204388,camara,2019,4,1,107,102
204388,camara,2020,0,0,8,8
204389,camara,2019,0,1,107,106
204389,camara,2020,0,0,8,8
204390,camara,2019,0,0,107,107
204390,camara,2020,0,0,8,8
204391,camara,2019,12,0,107,95
204391,camara,2020,1,0,8,7
204392,camara,2019,9,1,107,97
204392,camara,2020,0,1,8,7
204393,camara,2019,5,3,107,99
204393,camara,2020,0,1,8,7
204394,camara,2019,3,3,107,101
204394,camara,2020,0,0,8,8
204395,camara,2019,2,7,107,98
204395,camara,2020,0,0,8,8
204396,camara,2019,3,5,107,99
204396,camara,2020,0,0,8,8
204397,camara,2019,20,0,107,87
204397,camara,2020,1,0,8,7
204398,camara,2019,0,4,107,103
204398,camara,2020,0,0,8,8
204399,camara,2019,1,0,107,106
204399,camara,2020,0,0,8,8
204400,camara,2019,32,0,107,75
204400,camara,2020,0,0,8,8
204403,camara,2019,26,11,107,70
204403,camara,2020,1,0,8,7
204404,camara,2019,1,0,107,106
204404,camara,2020,0,0,8,8
204405,camara,2019,6,1,107,100
204405,camara,2020,0,0,8,8
204406,camara,2019,3,3,107,101
204406,camara,2020,0,1,8,7
204407,camara,2020,1,0,8,7
204408,camara,2019,19,4,107,84
204408,camara,2020,0,3,8,5
204409,camara,2019,3,0,107,104
204409,camara,2020,0,0,8,8
204410,camara,2019,9,3,107,95
204411,camara,2019,5,9,107,93
204411,camara,2020,1,3,8,4
204412,camara,2019,1,0,107,106
204412,camara,2020,0,0,8,8
204413,camara,2019,7,1,107,99
204413,camara,2020,0,0,8,8
204414,camara,2019,8,1,107,98
204414,camara,2020,0,0,8,8
204415,camara,2019,15,7,107,85
204415,camara,2020,0,0,8,8
204416,camara,2019,6,1,107,100
204416,camara,2020,0,0,8,8
204418,camara,2019,2,0,107,105
204418,camara,2020,0,0,8,8
204419,camara,2019,11,1,107,95
204419,camara,2020,3,0,8,5
204420,camara,2019,3,5,107,99
204420,camara,2020,0,2,8,6
204421,camara,2019,29,1,107,77
204421,camara,2020,2,0,8,6
204422,camara,2019,7,0,107,100
204422,camara,2020,0,0,8,8
204423,camara,2019,32,0,107,75
204423,camara,2020,2,0,8,6
204425,camara,2020,0,1,8,7
204426,camara,2019,3,1,107,103
204426,camara,2020,1,0,8,7
204427,camara,2019,10,0,107,97
204427,camara,2020,1,0,8,7
204428,camara,2019,23,4,107,80
204428,camara,2020,0,2,8,6
204429,camara,2019,4,3,107,100
204429,camara,2020,0,0,8,8
204430,camara,2019,9,3,107,95
204430,camara,2020,0,0,8,8
204431,camara,2019,1,4,107,102
204431,camara,2020,0,0,8,8
204432,camara,2019,2,1,107,104
204432,camara,2020,0,0,8,8
204433,camara,2019,15,0,107,92
204433,camara,2020,0,0,8,8
204434,camara,2019,11,2,107,94
204434,camara,2020,0,0,8,8
204435,camara,2019,5,1,107,101
204435,camara,2020,3,0,8,5
204436,camara,2019,12,0,107,95
204436,camara,2020,2,0,8,6
204437,camara,2019,8,16,107,83
204437,camara,2020,0,1,8,7
204438,camara,2019,2,8,107,97
204438,camara,2020,0,0,8,8
204439,camara,2019,2,0,107,105
204439,camara,2020,0,0,8,8
204440,camara,2019,8,2,107,97
204440,camara,2020,0,0,8,8
204441,camara,2019,1,4,107,102
204441,camara,2020,0,1,8,7
204442,camara,2019,11,0,107,96
204442,camara,2020,0,0,8,8
204444,camara,2019,17,5,107,85
204444,camara,2020,0,0,8,8
204446,camara,2019,1,1,107,105
204446,camara,2020,0,0,8,8
204447,camara,2019,19,2,107,86
204447,camara,2020,0,0,8,8
204448,camara,2019,13,2,107,92
204448,camara,2020,0,1,8,7
204449,camara,2019,3,6,107,98
204449,camara,2020,0,0,8,8
204450,camara,2019,10,3,107,94
204450,camara,2020,1,0,8,7
204451,camara,2019,6,0,107,101
204451,camara,2020,0,0,8,8
204452,camara,2019,5,1,107,101
204452,camara,2020,0,0,8,8
204453,camara,2019,8,0,107,99
204453,camara,2020,0,0,8,8
204454,camara,2019,4,1,107,102
204454,camara,2020,0,0,8,8
204455,camara,2019,0,0,107,107
204455,camara,2020,0,0,8,8
204456,camara,2019,5,3,107,99
204456,camara,2020,0,0,8,8
204457,camara,2019,7,0,107,100
204457,camara,2020,0,0,8,8
204458,camara,2019,14,7,82,61
204458,camara,2020,1,1,8,6
204459,camara,2019,11,0,107,96
204459,camara,2020,0,0,8,8
204460,camara,2019,1,4,107,102
204460,camara,2020,0,1,8,7
204461,camara,2020,0,0,8,8
204462,camara,2019,3,0,107,104
204462,camara,2020,0,0,8,8
204463,camara,2019,5,2,107,100
204463,camara,2020,0,0,8,8
204464,camara,2020,2,0,8,6
204465,camara,2019,17,10,107,80
204465,camara,2020,8,0,8,0
204466,camara,2019,40,2,107,65
204466,camara,2020,8,0,8,0
204467,camara,2019,9,0,107,98
204467,camara,2020,0,0,8,8
204468,camara,2019,8,3,107,96
204468,camara,2020,0,1,8,7
204469,camara,2019,13,0,107,94
204469,camara,2020,0,0,8,8
204471,camara,2019,0,3,107,104
204471,camara,2020,0,0,8,8
204472,camara,2019,8,1,107,98
204472,camara,2020,7,0,8,1
204473,camara,2019,22,0,107,85
204473,camara,2020,1,0,8,7
204474,camara,2019,11,0,107,96
204474,camara,2020,0,3,8,5
204475,camara,2019,3,8,107,96
204475,camara,2020,0,2,8,6
204476,camara,2020,0,1,8,7
204477,camara,2019,12,0,107,95
204477,camara,2020,0,0,8,8
204478,camara,2019,12,4,107,91
204478,camara,2020,0,0,8,8
204479,camara,2019,10,2,107,95
204479,camara,2020,1,0,8,7
204480,camara,2019,5,1,107,101
204480,camara,2020,0,0,8,8
204481,camara,2019,18,4,107,85
204481,camara,2020,2,0,8,6
204482,camara,2019,8,1,107,98
204482,camara,2020,0,1,8,7
204483,camara,2019,3,1,107,103
204483,camara,2020,0,0,8,8
204484,camara,2019,7,3,107,97
204484,camara,2020,0,0,8,8
204485,camara,2019,2,3,107,102
204485,camara,2020,0,0,8,8
204486,camara,2020,0,0,8,8
204487,camara,2019,5,3,107,99
204487,camara,2020,0,1,8,7
204488,camara,2019,0,0,107,107
204488,camara,2020,0,0,8,8
204489,camara,2019,4,4,107,99
204489,camara,2020,0,4,8,4
204490,camara,2019,3,5,107,99
204490,camara,2020,0,0,8,8
204491,camara,2019,3,7,107,97
204491,camara,2020,0,0,8,8
204492,camara,2019,7,3,107,97
204492,camara,2020,0,0,8,8
204494,camara,2019,0,0,107,107
204494,camara,2020,1,0,8,7
204495,camara,2019,5,6,107,96
204495,camara,2020,0,0,8,8
204496,camara,2019,8,1,107,98
204496,camara,2020,0,0,8,8
204497,camara,2019,12,0,107,95
204497,camara,2020,1,0,8,7
204498,camara,2019,10,2,107,95
204498,camara,2020,0,1,8,7
204499,camara,2019,4,3,107,100
204499,camara,2020,1,0,8,7
204500,camara,2019,9,3,107,95
204500,camara,2020,2,0,8,6
204501,camara,2019,2,3,107,102
204501,camara,2020,0,3,8,5
204502,camara,2019,9,5,107,93
204502,camara,2020,0,3,8,5
204503,camara,2019,7,2,107,98
204503,camara,2020,0,0,8,8
204504,camara,2019,3,4,107,100
204504,camara,2020,0,1,8,7
204505,camara,2019,12,2,107,93
204505,camara,2020,0,2,8,6
204506,camara,2019,33,0,107,74
204506,camara,2020,3,0,8,5
204507,camara,2019,21,12,107,74
204507,camara,2020,0,0,8,8
204508,camara,2020,0,4,8,4
204509,camara,2019,14,0,107,93
204509,camara,2020,8,0,8,0
204510,camara,2019,1,1,107,105
204510,camara,2020,0,0,8,8
204511,camara,2019,17,3,107,87
204511,camara,2020,0,1,8,7
204512,camara,2019,6,1,107,100
204512,camara,2020,0,0,8,8
204513,camara,2019,1,0,107,106
204513,camara,2020,0,0,8,8
204514,camara,2019,2,6,107,99
204514,camara,2020,0,0,8,8
204515,camara,2019,4,0,107,103
204515,camara,2020,0,0,8,8
204516,camara,2019,4,4,107,99
204516,camara,2020,0,0,8,8
204517,camara,2019,19,0,107,88
204517,camara,2020,1,1,8,6
204518,camara,2019,5,5,107,97
204518,camara,2020,0,1,8,7
204519,camara,2020,3,0,8,5
204520,camara,2019,0,0,107,107
204520,camara,2020,0,0,8,8
204521,camara,2019,0,4,107,103
204521,camara,2020,0,0,8,8
204522,camara,2019,1,0,107,106
204522,camara,2020,1,0,8,7
204523,camara,2019,2,1,107,104
204524,camara,2019,2,2,107,103
204524,camara,2020,0,0,8,8
204525,camara,2019,4,0,107,103
204525,camara,2020,0,0,8,8
204526,camara,2019,5,1,107,101
204526,camara,2020,0,0,8,8
204527,camara,2019,9,4,107,94
204527,camara,2020,1,0,8,7
204528,camara,2019,0,0,107,107
204528,camara,2020,0,0,8,8
204529,camara,2019,10,5,107,92
204529,camara,2020,0,1,8,7
204530,camara,2019,4,0,107,103
204530,camara,2020,0,0,8,8
204531,camara,2019,1,1,107,105
204531,camara,2020,0,0,8,8
204532,camara,2019,2,0,107,105
204532,camara,2020,1,0,8,7
204533,camara,2019,4,0,107,103
204533,camara,2020,0,0,8,8
204534,camara,2019,7,2,107,98
204534,camara,2020,0,0,8,8
204535,camara,2019,2,2,107,103
204535,camara,2020,0,1,8,7
204536,camara,2019,6,10,107,91
204536,camara,2020,0,1,8,7
204537,camara,2019,4,0,107,103
204537,camara,2020,0,4,8,4
204538,camara,2019,21,0,107,86
204538,camara,2020,3,0,8,5
204539,camara,2019,3,7,107,97
204539,camara,2020,0,6,8,2
204540,camara,2019,1,0,107,106
204540,camara,2020,0,0,8,8
204541,camara,2019,7,2,107,98
204541,camara,2020,0,0,8,8
204542,camara,2019,3,1,107,103
204542,camara,2020,0,0,8,8
204543,camara,2019,33,8,107,66
204543,camara,2020,0,4,4,0
204544,camara,2019,9,2,107,96
204544,camara,2020,1,0,8,7
204545,camara,2019,5,1,107,101
204545,camara,2020,0,0,8,8
204546,camara,2020,0,2,8,6
204547,camara,2019,3,1,107,103
204547,camara,2020,5,0,8,3
204548,camara,2019,5,0,107,102
204548,camara,2020,0,0,8,8
204549,camara,2019,6,8,107,93
204549,camara,2020,0,0,8,8
204550,camara,2019,16,5,107,86
204550,camara,2020,0,2,8,6
204551,camara,2019,2,16,107,89
204551,camara,2020,0,2,8,6
204552,camara,2019,0,0,107,107
204552,camara,2020,0,0,8,8
204553,camara,2019,1,6,107,100
204553,camara,2020,1,2,8,5
204554,camara,2019,1,0,107,106
204554,camara,2020,0,0,8,8
204555,camara,2019,2,0,107,105
204555,camara,2020,0,0,8,8
204556,camara,2019,3,0,107,104
204556,camara,2020,0,0,8,8
204557,camara,2019,0,0,107,107
204557,camara,2020,0,0,8,8
204558,camara,2020,0,3,8,5
204559,camara,2019,7,4,107,96
204559,camara,2020,1,1,8,6
204560,camara,2019,5,4,107,98
204560,camara,2020,0,4,8,4
204561,camara,2019,15,2,107,90
204561,camara,2020,0,0,8,8
204562,camara,2019,11,1,107,95
204562,camara,2020,0,0,8,8
204563,camara,2019,7,15,107,85
204563,camara,2020,0,1,3,2
204564,camara,2019,19,14,107,74
204564,camara,2020,0,8,8,0
204565,camara,2019,3,0,107,104
204565,camara,2020,1,1,8,6
204566,camara,2019,6,1,107,100
204566,camara,2020,0,2,8,6
204567,camara,2019,6,6,107,95
204567,camara,2020,0,0,8,8
204569,camara,2019,14,0,107,93
204569,camara,2020,0,0,8,8
204570,camara,2019,4,6,107,97
204570,camara,2020,0,3,8,5
204571,camara,2019,5,2,107,100
204571,camara,2020,0,1,8,7
204572,camara,2019,15,0,107,92
204572,camara,2020,0,0,8,8
204573,camara,2019,2,0,107,105
204573,camara,2020,0,1,8,7
204574,camara,2019,13,14,107,80
204574,camara,2020,0,6,8,2
204575,camara,2019,5,4,107,98
204575,camara,2020,0,1,8,7
204576,camara,2019,7,2,107,98
204576,camara,2020,0,0,8,8
205476,camara,2019,6,0,107,101
205476,camara,2020,0,0,8,8
205535,camara,2019,0,0,5,5
205535,camara,2020,0,0,8,8
205548,camara,2019,19,4,107,84
205548,camara,2020,0,1,8,7
205550,camara,2019,23,1,107,83
205550,camara,2020,0,0,8,8
205863,camara,2019,8,12,100,80
205863,camara,2020,0,4,8,4
205865,camara,2019,6,0,106,100
205865,camara,2020,0,0,8,8
206231,camara,2020,0,0,8,8
207176,camara,2019,8,0,102,94
207176,camara,2020,0,1,8,7
207309,camara,2019,3,2,101,96
207309,camara,2020,0,0,8,8
209189,camara,2019,1,3,93,89
209189,camara,2020,0,0,8,8
211649,camara,2019,0,1,27,26
211866,camara,2019,0,0,40,40
211866,camara,2020,0,0,8,8
212504,camara,2019,0,0,13,13
212504,camara,2020,0,0,8,8
212625,camara,2019,0,0,6,6
212625,camara,2020,0,0,8,8
212749,camara,2020,0,0,8,8
213274,camara,2020,0,0,3,3
